reference_id|title|doi|link
1157|J. Antibiot. 2004, 57, 11, 707|10.7164/antibiotics.57.707|https://www.jstage.jst.go.jp/article/antibiotics1968/57/11/57_11_707/_article
1257|Nat. Chem. Biol. 2016, 12, 419|10.1038/nchembio.2061|https://www.nature.com/articles/nchembio.2061
1324|Int. J. Food Microbiol., 2009, 132, 2-3, 141|10.1016/j.ijfoodmicro.2009.04.011|https://pubmed.ncbi.nlm.nih.gov/19439385/
1333|ChemBioChem, 2015, 16, 15, 2200|10.1002/cbic.201500210|https://doi.org/10.1002/cbic.201500210
1346|J. Gen. Microbiol., 1992, 138, 7, 1421|10.1099/00221287-138-7-1421|https://pubmed.ncbi.nlm.nih.gov/1512574/
1348|Nat. Prod. Bioprospect., 2019 9, 5, 311|10.1007/s13659-019-00220-5|https://www.ncbi.nlm.nih.gov/pmc/articles/PMC6814666/
1349|Fitoterapia., 2016, 113, 44|10.1016/j.fitote.2016.06.014|https://pubmed.ncbi.nlm.nih.gov/27370101/
1350|Proceedings of the Indian Academy of Sciences - Section B, 1978, 87, 177|10.1007/BF03178979|https://link.springer.com/article/10.1007/BF03178979
1352|Chem. Pharm. Bull., 2010, 58, 5, 717|10.1248/cpb.58.717|https://pubmed.ncbi.nlm.nih.gov/20460802/
1378|Agr. Biol. Chem., 40, 12, 2487|10.1080/00021369.1976.10862430|https://doi.org/10.1080/00021369.1976.10862430
1379|J. Am. Chem. Soc. 1976, 98, 11, 3365|10.1021/ja00427a051|https://doi.org/10.1021/ja00427a051
1380|Tetrahedron, 1969, 25, 7, 1497|10.1016/S0040-4020(01)82721-6|https://doi.org/10.1016/S0040-4020(01)82721-6
1381|Ann. Nutr. Aliment., 1977, 31,4-6,617||https://pubmed.ncbi.nlm.nih.gov/613924/
1382|Appl. Environ. Microbiol., 1977, 33, 1, 211|10.1128/AEM.33.1.211-212.1977|https://www.ncbi.nlm.nih.gov/pmc/articles/PMC170627/
1385|Med. Mycol., 2007, 45, 3, 225|10.1080/13693780601185939|https://pubmed.ncbi.nlm.nih.gov/17464844/
1386|Mar. Drugs 2015, 13, 3, 1432|10.3390/md13031432.|https://pubmed.ncbi.nlm.nih.gov/25789601/
1387|Mar. Drugs 2014, 12, 10, 5160|10.3390/md12105160|https://pubmed.ncbi.nlm.nih.gov/25317534/
1389|J. Chem. Soc., Chem. Commun., 1975, 19, 778|10.1039/C39750000778|https://pubs.rsc.org/en/content/articlelanding/1975/C3/C39750000778#!divAbstract
1391|Molecules 2020, 25, 1, 61|10.3390/molecules25010061|https://www.mdpi.com/1420-3049/25/1/61
1393|Molecules 2017, 22, 12, 2026|10.3390/molecules22122026|https://www.mdpi.com/1420-3049/22/12/2026
1395|Tetrahedron Lett., 1978, 19, 29, 2605|10.1016/S0040-4039(01)94840-3|https://www.sciencedirect.com/science/article/abs/pii/S0040403901948403
1396|J. Nat. Prod. 2004, 67, 5, 878|10.1021/np0303714|https://pubs.acs.org/doi/10.1021/np0303714#
1398|J. Antibiot., 2002, 55, 11, 952|10.7164/antibiotics.55.952|https://www.jstage.jst.go.jp/article/antibiotics1968/55/11/55_11_952/_article
1399|Chem. Biodivers., 2009, 6, 3, 328|10.1002/cbdv.200800292.|https://onlinelibrary.wiley.com/doi/abs/10.1002/cbdv.200800292
1400|J. Antibiot., 1995, 48, 6, 495|10.7164/antibiotics.48.495|https://www.jstage.jst.go.jp/article/antibiotics1968/48/6/48_6_495/_article
1401|J. Antibiot., 1996, 49, 3, 292|10.7164/antibiotics.49.292|https://www.jstage.jst.go.jp/article/antibiotics1968/49/3/49_3_292/_article
1402|J. Nat. Prod. 2016, 79, 1, 59|10.1021/acs.jnatprod.5b00650|https://pubs.acs.org/doi/10.1021/acs.jnatprod.5b00650
1403|J. Nat. Prod. 2018, 81, 1, 2|10.1021/acs.jnatprod.7b00335|https://pubs.acs.org/doi/10.1021/acs.jnatprod.7b00335
1407|Nat. Chem., 2020, 12, 615|10.1038/s41557-020-0442-3|https://www.nature.com/articles/s41557-020-0442-3
1408|J. Agric. Food Chem. 2016, 64, 35, 6659|10.1021/acs.jafc.6b01772|https://pubs.acs.org/doi/10.1021/acs.jafc.6b01772
1409|Org. Lett. 2009, 11, 16, 3714|10.1021/ol901304y|https://pubs.acs.org/doi/10.1021/ol901304y
1410|Mar. Drugs 2019, 17, 1, 6|10.3390/md17010006|https://www.mdpi.com/1660-3397/17/1/6
1411|Mar. Drugs 2019, 17, 5, 262|10.3390/md17050262|https://www.mdpi.com/1660-3397/17/5/262
1412|Org. Lett. 2012, 14, 18, 4770|10.1021/ol302051x|https://pubs.acs.org/doi/10.1021/ol302051x
1413|Tetrahedron Lett., 1969, 10, 9, 695|10.1016/S0040-4039(01)87785-6|https://www.sciencedirect.com/science/article/abs/pii/S0040403901877856
1414|Biosci. Biotechnol. Biochem., 2009, 73, 8, 1898|10.1271/bbb.90228|https://academic.oup.com/bbb/article/73/8/1898/5947536
1415|Phytochem Lett., 2012, 5, 1, 114|10.1016/j.phytol.2011.11.005|https://www.sciencedirect.com/science/article/abs/pii/S1874390011001698
1416|Nat. Prod. Res., 2014, 28, 11, 776|10.1080/14786419.2014.880911|https://www.tandfonline.com/doi/abs/10.1080/14786419.2014.880911?tab=permissions&scroll=top
1417|J. Nat. Prod. 2014, 77, 10, 2218|10.1021/np500469b|https://pubs.acs.org/doi/10.1021/np500469b
1418|J. Nat. Prod. 2010, 73, 6, 1133|10.1021/np100198h|https://pubs.acs.org/doi/10.1021/np100198h
1419|Anal. Chem. 2015, 87, 13, 6520|10.1021/acs.analchem.5b01934|https://pubs.acs.org/doi/10.1021/acs.analchem.5b01934
1420|Molecules 2017, 22, 12, 2069|10.3390/molecules22122069|https://www.mdpi.com/1420-3049/22/12/2069/htm
1421|J. Antibiot., 2015, 68, 703|10.1038/ja.2015.55|https://www.nature.com/articles/ja201555
1422|J. Antibiot., 2017, 70, 6, 763|10.1038/ja.2017.45|https://www.nature.com/articles/ja201745
1423|Biol. Pharm. Bull. 2014, 37, 3, 378|10.1248/bpb.b13-00719|https://www.jstage.jst.go.jp/article/bpb/37/3/37_b13-00719/_article
1424|Tetrahedron Lett. 1991, 32, 46, 6715|10.1271/bbb.57.787|https://www.tandfonline.com/doi/abs/10.1271/bbb.57.787
1425|Biosci. Biotechnol. Biochem., 1993, 57, 7, 1222|10.1271/bbb.57.1222|https://academic.oup.com/bbb/article/57/7/1222/5959776
1426|Int. J. Food Microbiol., 2014, 188, 116|10.1016/j.ijfoodmicro.2014.07.025|https://www.sciencedirect.com/science/article/abs/pii/S0168160514003687
1427|Stud. Mycol., 2011, 69, 1, 1|10.3114/sim.2011.69.01|https://www.sciencedirect.com/science/article/pii/S0166061614600543
1428|Appl. Environ. Microbiol., 2001, 67, 2, 521|10.1128/AEM.67.2.521-527.2001|https://aem.asm.org/content/67/2/521
1429|Biochemistry, 2002, 41, 51, 15135|10.1021/bi026238c|https://pubs.acs.org/doi/10.1021/bi026238c
1430|Magn. Reson. Chem., 2005, 43, 11, 962|10.1002/mrc.1654|https://onlinelibrary.wiley.com/doi/abs/10.1002/mrc.1654
1431|Mycotoxin Res., 2014, 30, 2, 113|10.1007/s12550-014-0195-1|https://link.springer.com/article/10.1007/s12550-014-0195-1
1432|Stud. Mycol., 2011, 69, 1, 39|10.3114/sim.2011.69.04|https://www.sciencedirect.com/science/article/pii/S0166061614600579
1433|J. Agric. Food Chem., 2004, 52, 12, 3884|10.1021/jf049870g|https://pubs.acs.org/doi/10.1021/jf049870g
1434|Appl. Environ. Microbiol., 1996, 62, 12, 4461|10.1128/AEM.62.12.4461-4464.1996|https://aem.asm.org/content/62/12/4461
1435|Appl. Biochem. Biotechnol., 2012, 167, 7, 1938|10.1007/s12010-012-9732-6|https://link.springer.com/article/10.1007%2Fs12010-012-9732-6
1436|Stud. Mycol., 2011, 69, 1, 19|10.3114/sim.2011.69.02|https://www.sciencedirect.com/science/article/pii/S0166061614600555
1437|Org. Lett., 2015, 17, 3, 700|10.1021/ol5037198|https://pubs.acs.org/doi/10.1021/ol5037198
1438|Eur. J. Nucl. Med. Mol. Imaging, 2013, 40, 4, 642|10.1007/s00259-013-2354-6|https://link.springer.com/article/10.1007%2Fs00259-013-2354-6
1440|Int. J. Syst. Evol. Microbiol., 2008, 58, 3, 725|10.1099/ijs.0.65123-0|https://www.microbiologyresearch.org/content/journal/ijsem/10.1099/ijs.0.65123-0
1441|Stud. Mycol., 2011, 69, 1, 57|10.3114/sim.2011.69.05|https://www.sciencedirect.com/science/article/pii/S0166061614600580
1442|Fungal Biol., 2011, 115,4 ,5, 406|10.1016/j.funbio.2011.02.013|https://www.sciencedirect.com/science/article/abs/pii/S1878614611000432
1443|Org. Lett., 2016, 18, 6, 1366|10.1021/acs.orglett.6b00299|https://pubs.acs.org/doi/10.1021/acs.orglett.6b00299
1444|J. Nat. Prod. 2016, 79, 4, 914|10.1021/acs.jnatprod.5b00975|https://pubs.acs.org/doi/10.1021/acs.jnatprod.5b00975
1445|Pest. Manag. Sci., 2009, 65, 1, 34|10.1002/ps.1640|https://pubmed.ncbi.nlm.nih.gov/18785221/
1446|J. Appl. Microbiol., 2016, 120, 2, 301|10.1111/jam.12998|https://pubmed.ncbi.nlm.nih.gov/26544796/
1447|Syst. Appl. Microbiol., 2005, 28, 5, 442|10.1016/j.syapm.2005.02.012|https://www.sciencedirect.com/science/article/abs/pii/S0723202005000421
1448|J. Antibiot., 2000, 53, 2, 110|10.7164/antibiotics.53.110|https://www.jstage.jst.go.jp/article/antibiotics1968/53/2/53_2_110/_article
1449|Can. J. Microbiol., 1975, 21, 11, 1781|10.1139/m75-259|https://cdnsciencepub.com/doi/10.1139/m75-259
1450|Nat. Prod. Res., 2016, 30, 4, 478|10.1080/14786419.2015.1022777|https://www.tandfonline.com/doi/abs/10.1080/14786419.2015.1022777?journalCode=gnpl20
1451|Mycol. Res., 2009, 113, 4, 480|10.1016/j.mycres.2008.12.002|https://www.sciencedirect.com/science/article/abs/pii/S0953756209000033
1452|Stud. Mycol., 2011, 69, 1, 81|10.3114/sim.2011.69.06|https://www.sciencedirect.com/science/article/pii/S0166061614600592
1453|FEMS Microbiol. Lett., 2016, 363, 5, fnw026|10.1093/femsle/fnw026|https://academic.oup.com/femsle/article/363/5/fnw026/2570215
1454|Mycopathologia, 1987, 98, 1, 21|10.1007/BF00431013|https://link.springer.com/article/10.1007/BF00431013
1455|Toxins (Basel), 2016, 8, 8, 242|10.3390/toxins8080242|https://www.mdpi.com/2072-6651/8/8/242/htm
1456|J. Antibiot., 2007, 60, 2, 153|10.1038/ja.2007.15|https://www.nature.com/articles/ja200715
1457|Phytochemistry, 2012, 80, 123|10.1016/j.phytochem.2012.05.008|https://www.sciencedirect.com/science/article/abs/pii/S0031942212002087
1458|Org. Biomol. Chem., 2003, 1, 11, 1856|10.1039/b302306k|https://pubs.rsc.org/en/content/articlelanding/2003/OB/B302306K#!divAbstract
1459|J. Nat. Prod. 2004, 67, 12, 1985|10.1021/np040139d|https://pubs.acs.org/doi/10.1021/np040139d
1460|Fungal Biol., 2016, 120, 4, 489|10.1016/j.funbio.2016.01.002|https://www.sciencedirect.com/science/article/abs/pii/S1878614616000143
1461|Mycobiology, 2015, 43, 1, 87|10.5941/MYCO.2015.43.1.87|https://www.tandfonline.com/doi/abs/10.5941/MYCO.2015.43.1.87
1462|Mycotoxin Res., 2013, 29, 3, 141|10.1007/s12550-013-0160-4|https://link.springer.com/article/10.1007%2Fs12550-013-0160-4
1463|J. Microbiol. Methods, 2016, 128, 34|10.1016/j.mimet.2016.07.004|https://www.sciencedirect.com/science/article/abs/pii/S0167701216301762
1464|Stud. Mycol., 2014, 78, 1, 61|10.1016/j.simyco.2014.07.001|https://www.sciencedirect.com/science/article/pii/S0166061614000025
1465|Int. J. Syst. Evol. Microbiol., 2012, 62, 4, 1007|10.1099/ijs.0.034785-0|https://www.microbiologyresearch.org/content/journal/ijsem/10.1099/ijs.0.034785-0
1466|IMA Fungus, 2010, 1, 2, 197|10.5598/imafungus.2010.01.02.13|https://imafungus.biomedcentral.com/articles/10.5598/imafungus.2010.01.02.13
1467|J. Antibiot., 1981, 34, 8, 923|10.7164/antibiotics.34.923|https://www.jstage.jst.go.jp/article/antibiotics1968/34/8/34_8_923/_article
1468|J. Antibiot., 1977, 30, 2, 125|10.7164/antibiotics.30.125|https://www.jstage.jst.go.jp/article/antibiotics1968/30/2/30_2_125/_article
1469|BMC Genomics, 2016, 17, 570|10.1186/s12864-016-2885-x|https://bmcgenomics.biomedcentral.com/articles/10.1186/s12864-016-2885-x
1470|Mar. Drugs 2015, 13, 1, 7040|10.3390/md13117040|https://www.mdpi.com/1660-3397/13/11/7040
1471|J. Nat. Prod. 2015, 78, 11, 2572|10.1021/acs.jnatprod.5b00508|https://pubs.acs.org/doi/10.1021/acs.jnatprod.5b00508
1472|Arch. Microbiol., 1978, 116, 3, 245|10.1007/BF00417847|https://link.springer.com/article/10.1007%2FBF00417847
1473|Arch. Pharm. (Weinheim), 1988, 321, 11, 803|10.1002/ardp.19883211108|https://onlinelibrary.wiley.com/doi/abs/10.1002/ardp.19883211108
1474|Helv. Chim. Acta, 1974, 57, 8, 2459|10.1002/hlca.19740570818|https://onlinelibrary.wiley.com/doi/abs/10.1002/hlca.19740570818
1475|Oncogene, 2015, 34, 1608|10.1038/onc.2014.462|https://www.nature.com/articles/onc201496
1476|Mar. Drugs 2013, 11, 6, 2054|10.3390/md11062054|https://www.mdpi.com/1660-3397/11/6/2054/htm
1477|Bioorg. Med. Chem. Lett., 2016, 26, 2, 346|10.1016/j.bmcl.2015.12.009|https://www.sciencedirect.com/science/article/abs/pii/S0960894X15303218
1478|Mar. Drugs 2015, 13, 1, 237|10.3390/md13010237|https://www.mdpi.com/1660-3397/13/1/237
1479|Fitoterapia, 2014, 95, 194|10.1016/j.fitote.2014.03.021|https://www.sciencedirect.com/science/article/abs/pii/S0367326X14000951
1480|Meat Sci., 2016, 122, 76|10.1016/j.meatsci.2016.07.024|https://www.sciencedirect.com/science/article/abs/pii/S0309174016302431
1481|Chembiochem, 2014, 15, 5, 656|10.1002/cbic.201300751|https://chemistry-europe.onlinelibrary.wiley.com/doi/full/10.1002/cbic.201300751
1482|J. Antibiot., 2008, 61, 4, 245|10.1038/ja.2008.36|https://www.nature.com/articles/ja200836
1483|Metabolites, 2012, 2, 1, 39|10.3390/metabo2010039|https://www.mdpi.com/2218-1989/2/1/39/htm
1484|J. Nat. Prod. 2005, 68, 8, 1300|10.1021/np050141k|https://pubs.acs.org/doi/10.1021/np050141k
1485|Int. J. Biol. Macromol., 2015, 81, 17|10.1016/j.ijbiomac.2015.07.043|https://www.sciencedirect.com/science/article/pii/S0141813015005140
1486|Toxins, 2013, 5, 9, 1574|10.3390/toxins5091574|https://www.mdpi.com/2072-6651/5/9/1574
1487|Org. Lett., 2014, 16, 9, 2574|10.1021/ol500243k|https://pubs.acs.org/doi/10.1021/ol500243k
1488|Acc. Chem. Res., 2008, 41, 2, 302|10.1021/ar6000044|https://pubs.acs.org/doi/10.1021/ar6000044
1489|Chembiochem, 2016, 17, 9, 1813|10.1002/cbic.201600293|https://chemistry-europe.onlinelibrary.wiley.com/doi/full/10.1002/cbic.201600293
1490|Chem. Biodivers., 2014, 11, 1, 85|10.1002/cbdv.201300220|https://onlinelibrary.wiley.com/doi/abs/10.1002/cbdv.201300220
1491|Fungal Biol., 2015, 119, 11, 973|10.1016/j.funbio.2015.06.006|https://www.sciencedirect.com/science/article/abs/pii/S1878614615001051
1492|Org. Lett., 2007, 9, 13, 2449|10.1021/ol0703231|https://pubs.acs.org/doi/10.1021/ol0703231
1493|Indian J. Microbiol., 2010, 50, 2, 225|10.1007/s12088-010-0044-7|https://link.springer.com/article/10.1007%2Fs12088-010-0044-7
1494|J. Antibiot., 1980, 33, 11, 1270|10.7164/antibiotics.33.1270|https://www.jstage.jst.go.jp/article/antibiotics1968/33/11/33_11_1270/_article
1495|Appl. Biochem. Biotechnol., 2014, 174, 4, 1246|10.1007/s12010-014-1102-0|https://link.springer.com/article/10.1007/s12010-014-1102-0
1496|J. Asian Nat. Prod. Res., 2013, 15, 9, 956|10.1080/10286020.2013.826205|https://www.tandfonline.com/doi/abs/10.1080/10286020.2013.826205
1497|Mycopathologia, 1997, 139, 1, 51|10.1023/A:1006813528046|https://link.springer.com/article/10.1023%2FA%3A1006813528046
1498|PLoS One, 2014, 9, 10, e109265|10.1371/journal.pone.0109265|https://journals.plos.org/plosone/article?id=10.1371/journal.pone.0109265
1499|Sci. Total Environ., 2016, 562, 296|10.1016/j.scitotenv.2016.03.183|https://www.sciencedirect.com/science/article/abs/pii/S0048969716306064
1500|IMA Fungus, 2010, 1, 2, 187|10.5598/imafungus.2010.01.02.12|https://imafungus.biomedcentral.com/articles/10.5598/imafungus.2010.01.02.12
1501|Int. J. Food Microbiol., 2011, 149, 2, 171|10.1016/j.ijfoodmicro.2011.06.002|https://www.sciencedirect.com/science/article/abs/pii/S0168160511003370
1502|J. Antibiot., 2003, 56, 6, 526|10.7164/antibiotics.56.526|https://www.jstage.jst.go.jp/article/antibiotics1968/56/6/56_6_526/_article
1503|Bioprocess Biosyst. Eng., 2013, 36, 3, 285|10.1007/s00449-012-0783-4|https://link.springer.com/article/10.1007%2Fs00449-012-0783-4
1504|Mycologia, 2006, 98, 2, 295|10.1080/15572536.2006.11832702|https://www.tandfonline.com/doi/abs/10.1080/15572536.2006.11832702?journalCode=umyc20
1505|Arch. Pharm. Res., 2015, 38, 6, 1038|10.1007/s12272-014-0371-z|https://link.springer.com/article/10.1007%2Fs12272-014-0371-z
1506|J. Nat. Prod. 2014, 77, 2, 193|10.1021/np400955q|https://pubs.acs.org/doi/10.1021/np400955q
1507|Bioorg. Med. Chem., 2011, 19, 22, 6587|10.1016/j.bmc.2011.05.045|https://www.sciencedirect.com/science/article/abs/pii/S0968089611003981
1508|Org. Lett., 2010, 12, 20, 4458|10.1021/ol101396n|https://pubs.acs.org/doi/10.1021/ol101396n
1509|J. Nat. Prod. 2004, 67, 12, 2111|10.1021/np049843k|https://pubs.acs.org/doi/10.1021/np049843k
1510|Lett. Appl. Microbiol., 2011, 52, 3, 208|10.1111/j.1472-765X.2010.02983.x|https://sfamjournals.onlinelibrary.wiley.com/doi/full/10.1111/j.1472-765X.2010.02983.x
1511|Mycopathologia, 2007, 164, 5, 241|10.1007/s11046-007-9057-0|https://link.springer.com/article/10.1007%2Fs11046-007-9057-0
1512|J. Infect. Chemother., 2015, 21, 5, 385|10.1016/j.jiac.2015.01.005|https://www.sciencedirect.com/science/article/abs/pii/S1341321X15000203
1513|Antonie Van Leeuwenhoek, 2003, 83, 2, 191|10.1023/a:1023355707646|https://link.springer.com/article/10.1023%2FA%3A1023355707646
1514|Biochem. J., 1922, 16, 4, 514|10.1042/bj0160514|https://portlandpress.com/biochemj/article-abstract/16/4/514/5599/Note-on-a-New-Tannase-from-Aspergillus-Luchuensis
1515|J. Bacteriol., 1945, 50, 579|10.1128/JB.50.5.579-584.1945|https://jb.asm.org/content/50/5/579
1516|Nature, 1949, 164, 4179, 961|10.1038/164961b0|https://www.nature.com/articles/164961b0
1517|J. Ind. Microbiol. Biotechnol., 2003, 30, 4, 220|10.1007/s10295-003-0048-y|https://academic.oup.com/jimb/article/30/4/220/5992185
1518|Arch. Microbiol., 1974, 100, 1, 73|10.1007/BF00446308|https://link.springer.com/article/10.1007%2FBF00446308
1519|Appl. Environ. Microbiol., 1979, 38, 5, 1015|10.1128/AEM.38.5.1015-1017.1979|https://aem.asm.org/content/38/5/1015
152|Nature 1985, 318, 191|10.1038/318191a0|https://www.nature.com/articles/318191a0
1520|Int. J. Food Microbiol., 2012, 156, 1, 1|10.1016/j.ijfoodmicro.2012.03.001|https://www.sciencedirect.com/science/article/abs/pii/S0168160512001201
1521|Microb. Cell Fact., 2016, 15, 1, 130|10.1186/s12934-016-0527-2|https://microbialcellfactories.biomedcentral.com/articles/10.1186/s12934-016-0527-2
1524|Chem. Pharm. Bull. (Tokyo), 2007, 55, 9, 1338|10.1248/cpb.55.1338|https://www.jstage.jst.go.jp/article/cpb/55/9/55_9_1338/_article
1525|J. Antibiot., 2002, 55, 8, 685|10.7164/antibiotics.55.685|https://www.jstage.jst.go.jp/article/antibiotics1968/55/8/55_8_685/_article
1526|J. Org. Chem., 1997, 62, 21, 7078|10.1021/jo970568z|https://pubs.acs.org/doi/10.1021/jo970568z
1528|J. Antibiot. 2007, 60, 3, 204|10.1038/ja.2007.24|https://www.nature.com/articles/ja200724
1529|J. Nat. Prod. 2007, 70, 7, 1180|10.1021/np070175n|https://pubs.acs.org/doi/10.1021/np070175n
1530|J. Nat. Prod.. 2004, 67, 9, 1532|10.1021/np030551d|https://pubs.acs.org/doi/10.1021/np030551d
1531|J. Antibiot.., 2006, 59, 8, 480|10.1038/ja.2006.67|https://www.nature.com/articles/ja200667
1532|J. Agric. Food Chem., 1979, 27, 3, 592|10.1021/jf60223a043|https://pubs.acs.org/doi/abs/10.1021/jf60223a043
1533|Org. Biomol. Chem., 2009, 7, 3, 435|10.1039/b819208a|https://pubs.rsc.org/en/content/articlelanding/2009/OB/B819208A#!divAbstract
1534|Chem. Biodivers., 2008, 5, 1, 93|10.1002/cbdv.200890017|https://onlinelibrary.wiley.com/doi/abs/10.1002/cbdv.200890017
1535|J. Agric. Food Chem., 2007, 55, 23, 9727|10.1021/jf0718906|https://pubs.acs.org/doi/10.1021/jf0718906
1536|Food Addit. Contam. Part A, Chem. Anal. Control Expo. Risk Assess., 2009, 26, 1, 94|10.1080/02652030802366090|https://www.tandfonline.com/doi/abs/10.1080/02652030802366090
1537|Mycologia, 2009, 101, 3, 352|10.3852/08-173|https://www.tandfonline.com/doi/abs/10.3852/08-173?journalCode=umyc20
1538|J. Antibiot., 1997, 50, 8, 653|10.7164/antibiotics.50.653|https://www.jstage.jst.go.jp/article/antibiotics1968/50/8/50_8_653/_article
1539|J. Org. Chem., 2008, 73, 11, 4245|10.1021/jo800348d|https://pubs.acs.org/doi/10.1021/jo800348d
1540|J. Antibiot., 2003, 56, 9, 755|10.7164/antibiotics.56.755|https://www.jstage.jst.go.jp/article/antibiotics1968/56/9/56_9_755/_article
1541|J. Antibiot., 1988, 41, 11, 1681|10.7164/antibiotics.41.1681|https://www.jstage.jst.go.jp/article/antibiotics1968/41/11/41_11_1681/_article
1542|J. Antibiot., 1980, 33, 9, 931|10.7164/antibiotics.33.931|https://www.jstage.jst.go.jp/article/antibiotics1968/33/9/33_9_931/_article
1543|Int. J. Food Microbiol., 2016, 228,44|10.1016/j.ijfoodmicro.2016.03.015|https://www.sciencedirect.com/science/article/abs/pii/S0168160516301143
1544|J. Org. Chem., 1999, 64, 15, 5479|10.1021/jo990277l|https://pubs.acs.org/doi/10.1021/jo990277l
1545|Can. J.Microbiol., 1979, 25, 2, 130|10.1139/m79-021|https://cdnsciencepub.com/doi/10.1139/m79-021
1546|Chem. Pharm. Bull. (Tokyo), 2006, 54, 12, 1639|10.1248/cpb.54.1639|https://www.jstage.jst.go.jp/article/cpb/54/12/54_12_1639/_article
1547|Lett. Appl. Microbiol., 2016, 62, 6, 488|10.1111/lam.12578|https://sfamjournals.onlinelibrary.wiley.com/doi/full/10.1111/lam.12578
1548|Carbohydr. Res., 2005, 340, 4, 609|10.1016/j.carres.2005.01.005|https://www.sciencedirect.com/science/article/abs/pii/S000862150500008X
1549|Fungal Biol., 2011, 115, 11, 1138|10.1016/j.funbio.2011.07.008|https://www.sciencedirect.com/science/article/abs/pii/S1878614611001425
1550|Bioorg. Med. Chem. Lett., 2004, 14, 13, 3539|10.1016/j.bmcl.2004.04.050|https://www.sciencedirect.com/science/article/abs/pii/S0960894X04005487
1551|J. Antibiot., 1996, 49, 6, 505|10.7164/antibiotics.49.50|https://www.jstage.jst.go.jp/article/antibiotics1968/49/6/49_6_505/_article
1552|Mycopathologia, 2009, 168, 4, 185|10.1007/s11046-009-9215-7|https://link.springer.com/article/10.1007%2Fs11046-009-9215-7
1553|PLoS One, 2013, 8, 6, e64871|10.1371/journal.pone.0064871|https://journals.plos.org/plosone/article?id=10.1371/journal.pone.0064871
1554|Int. J. Food Microbiol., 2014, 186, 14|10.1016/j.ijfoodmicro.2014.06.006|https://www.sciencedirect.com/science/article/abs/pii/S0168160514002906
1555|Biochem. J., 1957, 67, 1, 155|10.1042/bj0670155|https://portlandpress.com/biochemj/article-abstract/67/1/155/50984/Studies-in-the-biochemistry-of-micro-organisms-102
1556|Appl. Microbiol. Biotechnol., 2012, 95, 1, 113|10.1007/s00253-012-4027-y|https://link.springer.com/article/10.1007%2Fs00253-012-4027-y
1557|Appl. Environ. Microbiol., 1977, 33, 5, 1023|10.1128/AEM.33.5.1023-1025.1977|https://aem.asm.org/content/33/5/1023
1558|J. Chem. Soc. Perkin 1, 1973, 17, 1825|10.1039/p19730001825|https://pubs.rsc.org/en/content/articlelanding/1973/P1/p19730001825#!divAbstract
1559|J. Chem. Soc. Perkin 1, 1965, 4672|10.1039/jr9650004672|https://pubs.rsc.org/en/content/articlelanding/1965/JR/jr9650004672#!divAbstract
1560|Syst. Appl. Microbiol., 2001, 24, 1, 131|10.1078/0723-2020-00007|https://www.sciencedirect.com/science/article/abs/pii/S0723202004700168
1561|Appl. Microbiol. Biotechnol., 2016, 100, 4, 1799|10.1007/s00253-015-7086-z|https://link.springer.com/article/10.1007%2Fs00253-015-7086-z
1562|J. Antibiot., 2015, 68, 10, 63|10.1038/ja.2015.40|https://www.nature.com/articles/ja201540
1563|J. Antibiot., 1999, 52, 12, 1095|10.7164/antibiotics.52.1095|https://www.jstage.jst.go.jp/article/antibiotics1968/52/12/52_12_1095/_article
1564|Chem. Pharm. Bull. (Tokyo), 1988, 36, 1, 398|10.1248/cpb.36.398|https://www.jstage.jst.go.jp/article/cpb1958/36/1/36_1_398/_article
1565|Mar. Drugs 2014, 12, 6, 3116|10.3390/md12063116|https://www.mdpi.com/1660-3397/12/6/3116
1566|Pest. Manag. Sci., 2009, 65, 1, 60|10.1002/ps.1645|https://onlinelibrary.wiley.com/doi/abs/10.1002/ps.1645
1567|J. Antibiot., 2002, 55, 7, 666|10.7164/antibiotics.55.666|https://www.jstage.jst.go.jp/article/antibiotics1968/55/7/55_7_666/_article
1568|J. Antibiot., 2012, 65, 10, 535|10.1038/ja.2012.64|https://www.nature.com/articles/ja201264
1569|Int. J. Food Microbiol., 2015, 214, 102|10.1016/j.ijfoodmicro.2015.07.020|https://www.sciencedirect.com/science/article/abs/pii/S016816051530074X
1570|Arch. Pharm. Res., 2012, 35, 10, 1757|10.1007/s12272-012-1007-9|https://link.springer.com/article/10.1007/s12272-012-1007-9
1571|Mar. Drugs 2016, 14, 3, 59|10.3390/md14030059|https://www.mdpi.com/1660-3397/14/3/59
1572|Angew. Chem. Int. Ed. Engl., 2016, 55, 3, 1128|10.1002/anie.201509462|https://onlinelibrary.wiley.com/doi/abs/10.1002/anie.201509462
1573|J. Nat. Prod. 2011, 74, 5, 1106|10.1021/np2000478|https://pubs.acs.org/doi/10.1021/np2000478
1574|Enzyme Microb. Technol., 2016, 91, 52|10.1016/j.enzmictec.2016.05.011|https://www.sciencedirect.com/science/article/abs/pii/S0141022916301016
1575|Genome Announc., 2016, 4, 3, e00491|10.1128/genomeA.00491-16|https://mra.asm.org/content/4/3/e00491-16
1576|J. Microbiol. Biotechnol., 2016, 26, 9, 1557|10.4014/jmb.1603.03073|http://www.jmb.or.kr/journal/view.html?doi=10.4014/jmb.1603.03073
1577|Diagn. Microbiol. Infect Dis., 2016, 84, 2, 125|10.1016/j.diagmicrobio.2015.10.027|https://www.sciencedirect.com/science/article/abs/pii/S0732889315003983
1578|Med. Mycol., 2016, 54, 5, 459|10.1093/mmy/myv118|https://academic.oup.com/mmy/article/54/5/459/2579167
1579|Interdiscip. Sci., 2017, 9, 2, 237|10.1007/s12539-016-0146-y|https://link.springer.com/article/10.1007%2Fs12539-016-0146-y
1580|J. Mycol. Med., 2016, 26, 1, 9|10.1016/j.mycmed.2015.12.004|https://www.sciencedirect.com/science/article/abs/pii/S1156523315002395
1581|J. Food Prot., 2016, 79, 3, 448|10.4315/0362-028X.JFP-15-437|https://meridian.allenpress.com/jfp/article-abstract/79/3/448/174358/Population-Dynamics-of-Aspergillus-Section-Nigri
1582|AMB Express, 2016, 6, 1, 25|10.1186/s13568-016-0194-z|https://amb-express.springeropen.com/articles/10.1186/s13568-016-0194-z
1583|J. Microbiol. Biotechnol., 2016, 26, 10, 1687|10.4014/jmb.1606.06016|http://www.jmb.or.kr/journal/view.html?doi=10.4014/jmb.1606.06016
1584|Org. Biomol. Chem., 2005, 3, 1, 123|10.1039/b413440k|https://pubs.rsc.org/en/content/articlelanding/2005/OB/B413440K#!divAbstract
1585|Sci. Rep., 2016, 6, 27181|10.1038/srep27181|https://www.nature.com/articles/srep27181
1586|Nat. Prod. Res., 2014, 28, 15, 1182|10.1080/14786419.2014.923996|https://www.tandfonline.com/doi/abs/10.1080/14786419.2014.923996?journalCode=gnpl20
1587|Antonie Van Leeuwenhoek, 2005, 87, 3, 195|10.1007/s10482-004-3194-y|https://link.springer.com/article/10.1007%2Fs10482-004-3194-y
1588|Arch. Pharm. Res., 2009, 32, 9, 1211|10.1007/s12272-009-1904-8|https://link.springer.com/article/10.1007%2Fs12272-009-1904-8
1589|J. Antibiot., 2007, 60, 10, 603|10.1038/ja.2007.77|https://www.nature.com/articles/ja200777
1590|J. Nat. Prod. 2007, 70, 10, 1558|10.1021/np070208z|https://pubs.acs.org/doi/10.1021/np070208z#
1591|Syst. Appl. Microbio., 2004, 27, 6, 672|10.1078/0723202042369910|https://www.sciencedirect.com/science/article/abs/pii/S0723202005703076
1592|J. Antibiot., 2017, 70, 2, 174|10.1038/ja.2016.95|https://www.nature.com/articles/ja201695
1593|J. Agric. Food Chem., 2016, 64, 14, 2910|10.1021/acs.jafc.6b00527|https://pubs.acs.org/doi/10.1021/acs.jafc.6b00527
1594|J. Nat. Prod. 2009, 72, 4, 666|10.1021/np800777f|https://pubs.acs.org/doi/10.1021/np800777f
1595|J. Nat. Prod. 2015, 78, 12, 3067|10.1021/acs.jnatprod.5b00600|https://pubs.acs.org/doi/10.1021/acs.jnatprod.5b00600
1596|J. Nat. Prod. 2014, 77, 5, 123|10.1021/np401017g|https://pubs.acs.org/doi/10.1021/np401017g
1597|Planta Med., 2016, 82,091 10, 877|10.1055/s-0042-102965|https://www.thieme-connect.de/products/ejournals/abstract/10.1055/s-0042-102965
1598|J. Nat. Prod. 2016, 79, 5, 1347|10.1021/acs.jnatprod.5b01153|https://pubs.acs.org/doi/10.1021/acs.jnatprod.5b01153
1599|Cancer, 2015, 121, 5, 800|10.1002/cncr.29118|https://acsjournals.onlinelibrary.wiley.com/doi/full/10.1002/cncr.29118
1600| Planta Med., 1977, 31, 1, 31|10.1055/s-0028-1097485|https://www.thieme-connect.de/products/ejournals/abstract/10.1055/s-0028-1097485
1623|J. Nat. Prod. 2007, 70, 12, 2022|10.1021/np070301n|https://pubs.acs.org/doi/10.1021/np070301n
1624|J. Am. Chem. Soc. 1992, 114, 3, 1015|10.1021/ja00029a033|https://pubs.acs.org/doi/abs/10.1021/ja00029a033
1626|Agric. Biol. Chem., 1975, 39, 3, 749|10.1080/00021369.1975.10861681|https://www.tandfonline.com/doi/abs/10.1080/00021369.1975.10861681
1630|Drug Discov. Ther., 2014, 8, 2, 84|10.5582/ddt.8.84|https://www.mdpi.com/2218-1989/2/1/39
1631|J. App. Pharm. Sci., 2020, 10, 4, 28|10.7324/JAPS.2020.104005|https://www.bibliomed.org/?mno=71465
1632|Phytochem. Lett., 20, 2017, 295|10.1016/j.phytol.2017.04.025|https://doi.org/10.1016/j.phytol.2017.04.025
1633|Chem. Pharm. Bull, 1978, 26, 1, 111|10.1248/cpb.26.111|https://doi.org/10.1248/cpb.26.111
1634|Tetrahedron Lett., 1976, 17, 33, 2861|10.1016/S0040-4039(01)85521-0|https://www.sciencedirect.com/science/article/abs/pii/S0040403901855210
1635|Magn. Reson. Chem. 2015, 53, 8, 616|10.1002/mrc.4254|https://onlinelibrary.wiley.com/doi/abs/10.1002/mrc.4254
1636|Biosci. Biotech. Bioch.2009,73, 203|10.1271/bbb.80535|https://academic.oup.com/bbb/article/73/1/203/5947924
1637|J. Nat. Prod. 2013, 76, 1007|10.1021/np4004307|https://www.ncbi.nlm.nih.gov/pmc/articles/PMC3856222/
1638|Phytochemistry 1996, 41, 665|10.1016/0031-9422(95)00693-1|https://www.sciencedirect.com/science/article/abs/pii/0031942295006931
1639|Tetrahedron 2006, 62, 7484|10.1016/j.tet.2006.05.010|https://www.sciencedirect.com/science/article/abs/pii/S0040402006007563
1640|J. Antibiot. 2011, 65, 2, 109|10.1038/ja.2011.117|https://www.nature.com/articles/ja2011117
1641|Mar. Drugs 2018, 16, 6, 150|10.3390/md16050150|https://www.mdpi.com/1660-3397/16/5/150/htm
1642|Biotechnol. Lett. 2019, 41, 651|10.1007/s10529-019-02677-3|https://link.springer.com/article/10.1007/s10529-019-02677-3
1643|Bull. Environ. Contam. Toxicol., 1986, 37, 5, 643|10.1007/BF01607817|https://link.springer.com/article/10.1007/BF01607817
1644|J. Nat. Prod. 2001, 64, 6, 836|10.1021/np000613p|https://pubs.acs.org/doi/10.1021/np000613p
1645|J. Fungi (Basel) 2020, 6, 4, 371|10.3390/jof6040371|https://pubmed.ncbi.nlm.nih.gov/33348541/
1646|Appl Microbiol Biotechnol, 2015, 99, 7859-7877|10.1007/s00253-015-6839-z|https://doi.org/10.1007/s00253-015-6839-
1647|J. Chem. Soc., Perkin Trans., 1988, 1, 907-911|10.1039/P19880000907|https://doi.org/10.1039/P19880000907
1648|Phytochem Rev.,2017, 16, 271?293|10.1007/s11101-016-9473-1|https://doi.org/10.1007/s11101-016-9473-1
1649|J. Agric. Food Chem. 1993, 41, 6, 973|10.1021/jf00030a027|https://pubs.acs.org/doi/abs/10.1021/jf00030a027
1650|J. Agric. Food Chem. 2003, 51, 8, 2156|10.1021/jf020983e|https://pubs.acs.org/doi/10.1021/jf020983e
1651|Toxins 2017, 9, 7, 210|10.3390/toxins9070210|https://www.mdpi.com/2072-6651/9/7/210
1652|Chem. Biodiversity, 2013, 10, 7, 1193|10.1002/cbdv.201300042|https://onlinelibrary.wiley.com/doi/abs/10.1002/cbdv.201300042
1653|Int. Congr. Pure Appl. Chem., 1977, 4, A21|10.1016/B978-0-08-022038-3.50009-5|https://www.sciencedirect.com/science/article/pii/B9780080220383500095
1654|Biochemistry, 1978, 17, 13, 2696|10.1021/bi00606a037|https://pubs.acs.org/doi/abs/10.1021/bi00606a037
1655|Sun et al. Cell Communication and Signaling,2019,17,111|10.1186/s12964-019-0425-4|https://doi.org/10.1186/s12964-019-0425-4
1656|Tetrahedron,2020,76,41,131496|10.1016/j.tet.2020.131496|https://doi.org/10.1016/j.tet.2020.131496
1657|Mar. Drugs 2018, 16,4, 119|10.3390/md16040119|https://doi.org/10.3390/md16040119
1658|J. Chem. Soc., Perkin Trans.1982,1,2687-2692|10.1039/P19820002687|https://doi.org/10.1039/P19820002687
1659|Neurochem. Int,2017, 113,8-22|10.1016/j.neuint.2017.11.010|https://doi.org/10.1016/j.neuint.2017.11.010
1660|Patent Number: 5,519,052,1996, US,Alfatafta A.A., Dowd .PF., Gloer J.B., Wicklow D.T.|US005519052A|https://doi.org/10.1007/s00216-009-3081-5
1661|Anal Bioanal Chem,2009,395,1225-1242|10.1007/s00216-009-3081-5|UNSPECIFIED
1662|Anke H., Sterner O.Insecticidal and Nematicidal Metabolites from Fungi. In: Osiewacz H.D. (eds) Industrial Applications. The Mycota ,2nd ed., Esser K.,bennett j.k.,EDS.|10.1007/978-3-662-10378-4_6|https://doi.org/10.1007/978-3-662-10378-4_6
1663|Molecules 2019, 24, 22, 4118|10.3390/molecules24224118|https://doi.org/10.3390/molecules24224118
1664|J. Nat. Prod. 2013,76, 9, 1737-1745|10.1021/np400460m|https://doi.org/10.1021/np400460m
1665|Nat Prod Commun,2015,10,12),2123-6.|10.1177/1934578X1501001227|https://doi.org/10.1177/1934578X1501001227
1666|J. Nat. Prod. 1998, 61, 702-705|10.1021/np980001t|https://doi.org/10.1021/np980001t
1667|J. Nat. Prod. 1998, 61, 12, 1566-1567|10.1021/np9801918|https://doi.org/10.1021/np9801918
1668|Natural Product Communications,2019,14,1,125-128|10.1177/1934578X1901400133|https://doi.org/10.1177/1934578X1901400133
1670|Proc Natl Acad Sci U S A,1980 ,77,7,3957-61|10.1073/pnas.77.7.3957|https://doi.org/10.1073/pnas.77.7.3957
1671|Fungal Genetics and Biology,2020,139,10337|10.1016/j.fgb.2020.103378|https://doi.org/10.1016/j.fgb.2020.103378
1672|J. Agric. Food Chem. 2010, 58, 949-953|10.1021/jf902834g|https://doi.org/10.1021/jf902834g
1673|Bioorg. Med. Chem.,2021,29,115883|10.1016/j.bmc.2020.115883|UNSPECIFIED
1674|Journal of Biotechnology,2014,175,53-62|10.1016/j.jbiotec.2014.01.038|https://doi.org/10.1016/j.jbiotec.2014.01.038
1675|Agric. Biol. Chem.,1980,44,7,1685-1687|10.1271/bbb1961.44.1685|https://doi.org/10.1271/bbb1961.44.1685
1676|Mar. Drugs 2012, 10, 131-139|10.3390/md10010131|https://doi.org/10.3390/md10010131
1677|Natural Product Communications,2018,13,12,1629-1631|10.1177/1934578X1801301214|https://doi.org/10.1177/1934578X1801301214
1678|Chem. Pharm. Bull.,1983,31,5,1528-1533|10.1248/cpb.31.1528|https://doi.org/10.1248/cpb.31.1528
1682|J. Nat. Prod. 2016, 79, 11, 2977-2981|10.1021/acs.jnatprod.6b00766|https://doi.org/10.1021/acs.jnatprod.6b00766
1686|Bioorg. Med. Chem. Lett.,2013,23,13,3905-3909|10.1016/j.bmcl.2013.04.059|https://doi.org/10.1016/j.bmcl.2013.04.059
1687|Chem. Eur.J.2016, 22,1277-1291|10.1002/chem.201503417|https://doi.org/10.1002/chem.201503417
1688|Bioorganic & Medicinal Chemistry,1997,5,12, 2165-2171|10.1016/S0968-0896(97)00160-0|https://doi.org/10.1016/S0968-0896(97)00160-0
1689|Patent Number: 5,130,326,1992, US,Laakso J.A., TePaske M.R., Dowd P.F., Gloer J.B., Wicklow D.T.|US005130326A|UNSPECIFIED
1690|Appl. Environ. Microbiol,2009,75,23,7469-7481|10.1128/AEM.02146-08|https://doi.org/10.1128/AEM.02146-08
1691|Aguamah, G.E. et al., Phytochemistry, 1981, 20, 1381|10.1016/0031-9422(81)80044-1|https://www.sciencedirect.com/science/article/abs/pii/0031942281800441
1692|Planta Med. 2016, 82, 5, 414-421|10.1055/s-0035-1558331|https://pubmed.ncbi.nlm.nih.gov/26824624/
1693|J. Nat. Prod.2000, 63, 7, 1006|10.1021/np000103v|https://doi.org/10.1021/np000103v
1694|Food Microbiol., 2014, 41, 52|10.1016/j.fm.2013.12.005|https://www.sciencedirect.com/science/article/abs/pii/S0740002014000033
1696|J. Agric. Food Chem., 2016, 64, 19, 3789|10.1021/acs.jafc.6b01051|https://pubs.acs.org/doi/10.1021/acs.jafc.6b01051
1697|J. Gen. Microbiol., 1963, 33, 2, 191|10.1099/00221287-33-2-191|https://www.microbiologyresearch.org/content/journal/micro/10.1099/00221287-33-2-191
1698|Int. J. Syst. Evol. Microbiol., 2016, 66, 7, 2566|10.1099/ijsem.0.001094|https://www.microbiologyresearch.org/content/journal/ijsem/10.1099/ijsem.0.001094
1699|Lett. Appl. Microbiol., 2011, 53, 3, 350|10.1111/j.1472-765X.2011.03116.x|https://sfamjournals.onlinelibrary.wiley.com/doi/full/10.1111/j.1472-765X.2011.03116.x
1700|Mem. Inst. Oswaldo Cruz, 2016, 11, 3, 209|10.1590/0074-02760150451|http://www.scielo.br/scielo.php?script=sci_arttext&pid=S0074-02762016000300209&lng=en&tlng=en
1701|J. Hazard. Mater., 2010, 176, 1, 3, 1079|10.1016/j.jhazmat.2009.10.120|https://www.sciencedirect.com/science/article/abs/pii/S0304389409017713
1702|J. Basic Microbiol., 2001, 41, 1, 45|10.1002/1521-4028(200103)41:1<45::AID-JOBM45>3.0.CO|https://onlinelibrary.wiley.com/doi/10.1002/1521-4028(200103)41:1%3C45::AID-JOBM45%3E3.0.CO
1703|Front. Microbiol., 2016, 6, 1485|10.3389/fmicb.2015.01485|https://www.frontiersin.org/articles/10.3389/fmicb.2015.01485/full
1704|FEMS Microbiol. Lett., 2016, 363, 3, fnv236|10.1093/femsle/fnv236|https://academic.oup.com/femsle/article/363/3/fnv236/2594526
1705|J. Basic Microbiol., 2010, 50, 1, 90|10.1002/jobm.200900299|https://onlinelibrary.wiley.com/doi/abs/10.1002/jobm.200900299
1706|Curr. Microbiol., 2008, 57, 3, 222|10.1007/s00284-008-9178-9|https://link.springer.com/article/10.1007%2Fs00284-008-9178-9
1707|Int. J. Biol. Macromol., 2016, 92, 1113|10.1016/j.ijbiomac.2016.08.026|https://www.sciencedirect.com/science/article/abs/pii/S014181301631159X
1708|Int. J. Syst. Evol. Microbiol., 2013, 63, 2, 783|10.1099/ijs.0.047076-0|https://www.microbiologyresearch.org/content/journal/ijsem/10.1099/ijs.0.047076-0
1710|Appl. Environ. Microbiol, 1984, 48, 1, 1-4|10.1128/AEM.48.1.1-4.1984|https://aem.asm.org/content/48/1/1
1711|Mycoscience, 56, 2, 123-131|10.1016/j.myc.2014.04.006|https://doi.org/10.1016/j.myc.2014.04.006
1712|Mycologia, 107, 1,169-208|10.3852/14-059|https://doi.org/10.3852/14-059
409|Nat. Prod. Rep. 2020, 37, 6|10.1039/C8NP00027A|https://pubs.rsc.org/am/content/articlehtml/2020/np/c8np00027a
963|Fang,J.Antibiotics 50,(1997),919|10.7164/antibiotics.50.919|https://pubmed.ncbi.nlm.nih.gov/9592564/
