"reference_id"|"title"|"doi"|"link"
"1600"|" Planta Med., 1977, 31, 1, 31"|"10.1055/s-0028-1097485"|"https://www.thieme-connect.de/products/ejournals/abstract/10.1055/s-0028-1097485"
"1252"|"A.Kremer et al.,Microbiology,153,(2007),3409-3416"|"UNSPECIFIED"|"UNSPECIFIED"
"1258"|"A.Marion et al.,ACS Chem.Biol.,12,(2017),1874-1862"|"UNSPECIFIED"|"UNSPECIFIED"
"1488"|"Acc. Chem. Res., 2008, 41, 2, 302"|"10.1021/ar6000044"|"https://pubs.acs.org/doi/10.1021/ar6000044"
"1378"|"Agr. Biol. Chem., 40, 12, 2487"|"10.1080/00021369.1976.10862430"|"https://doi.org/10.1080/00021369.1976.10862430"
"1626"|"Agric. Biol. Chem., 1975, 39, 3, 749"|"10.1080/00021369.1975.10861681"|"https://www.tandfonline.com/doi/abs/10.1080/00021369.1975.10861681"
"1675"|"Agric. Biol. Chem.,1980,44,7,1685-1687"|"10.1271/bbb1961.44.1685"|"https://doi.org/10.1271/bbb1961.44.1685"
"1691"|"Aguamah, G.E. et al., Phytochemistry, 1981, 20, 1381"|"10.1016/0031-9422(81)80044-1"|"https://www.sciencedirect.com/science/article/abs/pii/0031942281800441"
"153"|"Aharonowitz,Annu.Rec.Microbiol,46,(1992),461"|"UNSPECIFIED"|"UNSPECIFIED"
"158"|"Aharonowitz,Biotechnology,11,(1993),807"|"UNSPECIFIED"|"UNSPECIFIED"
"1191"|"Akiyama,J.Nat.Prod.,66,(2003),136"|"UNSPECIFIED"|"UNSPECIFIED"
"9"|"Alberts,Proc. Natl. Acad. Sci. USA,77,(1980),3957"|"UNSPECIFIED"|"UNSPECIFIED"
"999"|"Aldrich Library of FT-IR Spectra,1st edn.,1,(1985),543D"|"UNSPECIFIED"|"UNSPECIFIED"
"948"|"Alvi,J. Antibiotics,52,(1999),215"|"UNSPECIFIED"|"UNSPECIFIED"
"935"|"Alvi,J. Antibiotics,53,(2000),110"|"UNSPECIFIED"|"UNSPECIFIED"
"1582"|"AMB Express, 2016, 6, 1, 25"|"10.1186/s13568-016-0194-z"|"https://amb-express.springeropen.com/articles/10.1186/s13568-016-0194-z"
"1661"|"Anal Bioanal Chem,2009,395,1225-1242"|"10.1007/s00216-009-3081-5"|"UNSPECIFIED"
"1419"|"Anal. Chem. 2015, 87, 13, 6520"|"10.1021/acs.analchem.5b01934"|"https://pubs.acs.org/doi/10.1021/acs.analchem.5b01934"
"978"|"Ando,J. Antibiotics,44,(1991),382"|"UNSPECIFIED"|"UNSPECIFIED"
"1572"|"Angew. Chem. Int. Ed. Engl., 2016, 55, 3, 1128"|"10.1002/anie.201509462"|"https://onlinelibrary.wiley.com/doi/abs/10.1002/anie.201509462"
"1662"|"Anke H., Sterner O.Insecticidal and Nematicidal Metabolites from Fungi. In: Osiewacz H.D. (eds) Industrial Applications. The Mycota ,2nd ed., Esser K.,bennett j.k.,EDS."|"10.1007/978-3-662-10378-4_6"|"https://doi.org/10.1007/978-3-662-10378-4_6"
"983"|"Anke,J.Antibiotics,41,(1988),1681"|"UNSPECIFIED"|"UNSPECIFIED"
"1381"|"Ann. Nutr. Aliment., 1977, 31,4-6,617"|""|"https://pubmed.ncbi.nlm.nih.gov/613924/"
"1513"|"Antonie Van Leeuwenhoek, 2003, 83, 2, 191"|"10.1023/a:1023355707646"|"https://link.springer.com/article/10.1023%2FA%3A1023355707646"
"1587"|"Antonie Van Leeuwenhoek, 2005, 87, 3, 195"|"10.1007/s10482-004-3194-y"|"https://link.springer.com/article/10.1007%2Fs10482-004-3194-y"
"1076"|"AOAC,Inc.,VA,(1990),1199-1205"|"UNSPECIFIED"|"UNSPECIFIED"
"1646"|"Appl Microbiol Biotechnol, 2015, 99, 7859-7877"|"10.1007/s00253-015-6839-z"|"https://doi.org/10.1007/s00253-015-6839-"
"1625"|"Appl Microbiol. 1973, 26, 2, 202"|"UNSPECIFIED"|"https://pubmed.ncbi.nlm.nih.gov/4582816/"
"1435"|"Appl. Biochem. Biotechnol., 2012, 167, 7, 1938"|"10.1007/s12010-012-9732-6"|"https://link.springer.com/article/10.1007%2Fs12010-012-9732-6"
"1495"|"Appl. Biochem. Biotechnol., 2014, 174, 4, 1246"|"10.1007/s12010-014-1102-0"|"https://link.springer.com/article/10.1007/s12010-014-1102-0"
"1710"|"Appl. Environ. Microbiol, 1984, 48, 1, 1-4"|"10.1128/AEM.48.1.1-4.1984"|"https://aem.asm.org/content/48/1/1"
"1690"|"Appl. Environ. Microbiol,2009,75,23,7469-7481"|"10.1128/AEM.02146-08"|"https://doi.org/10.1128/AEM.02146-08"
"1382"|"Appl. Environ. Microbiol., 1977, 33, 1, 211"|"10.1128/AEM.33.1.211-212.1977"|"https://www.ncbi.nlm.nih.gov/pmc/articles/PMC170627/"
"1557"|"Appl. Environ. Microbiol., 1977, 33, 5, 1023"|"10.1128/AEM.33.5.1023-1025.1977"|"https://aem.asm.org/content/33/5/1023"
"1519"|"Appl. Environ. Microbiol., 1979, 38, 5, 1015"|"10.1128/AEM.38.5.1015-1017.1979"|"https://aem.asm.org/content/38/5/1015"
"1434"|"Appl. Environ. Microbiol., 1996, 62, 12, 4461"|"10.1128/AEM.62.12.4461-4464.1996"|"https://aem.asm.org/content/62/12/4461"
"1428"|"Appl. Environ. Microbiol., 2001, 67, 2, 521"|"10.1128/AEM.67.2.521-527.2001"|"https://aem.asm.org/content/67/2/521"
"1556"|"Appl. Microbiol. Biotechnol., 2012, 95, 1, 113"|"10.1007/s00253-012-4027-y"|"https://link.springer.com/article/10.1007%2Fs00253-012-4027-y"
"1561"|"Appl. Microbiol. Biotechnol., 2016, 100, 4, 1799"|"10.1007/s00253-015-7086-z"|"https://link.springer.com/article/10.1007%2Fs00253-015-7086-z"
"1518"|"Arch. Microbiol., 1974, 100, 1, 73"|"10.1007/BF00446308"|"https://link.springer.com/article/10.1007%2FBF00446308"
"1472"|"Arch. Microbiol., 1978, 116, 3, 245"|"10.1007/BF00417847"|"https://link.springer.com/article/10.1007%2FBF00417847"
"1473"|"Arch. Pharm. (Weinheim), 1988, 321, 11, 803"|"10.1002/ardp.19883211108"|"https://onlinelibrary.wiley.com/doi/abs/10.1002/ardp.19883211108"
"1588"|"Arch. Pharm. Res., 2009, 32, 9, 1211"|"10.1007/s12272-009-1904-8"|"https://link.springer.com/article/10.1007%2Fs12272-009-1904-8"
"1570"|"Arch. Pharm. Res., 2012, 35, 10, 1757"|"10.1007/s12272-012-1007-9"|"https://link.springer.com/article/10.1007/s12272-012-1007-9"
"1505"|"Arch. Pharm. Res., 2015, 38, 6, 1038"|"10.1007/s12272-014-0371-z"|"https://link.springer.com/article/10.1007%2Fs12272-014-0371-z"
"933"|"Asai,J. Antibiotics,52,(1999),1046"|"UNSPECIFIED"|"UNSPECIFIED"
"1306"|"Asao, T. et al., JACS, 1965, 87, 882-886 (Aflatoxin B1, struct, bibl)"|"UNSPECIFIED"|"UNSPECIFIED"
"1090"|"Aucamp,j.S.Afr.Chem.Inst.,23,(1970),40"|"UNSPECIFIED"|"UNSPECIFIED"
"1001"|"Balan,J. Antibiotics Series A,16,(1963),157"|"UNSPECIFIED"|"UNSPECIFIED"
"1131"|"Ballantine,J.Chem.Soc.(C)(1970),1175-1182"|"UNSPECIFIED"|"UNSPECIFIED"
"1132"|"Ballantine,J.Chem.Soc.,Perkin 1,(1973),1825-1830"|"UNSPECIFIED"|"UNSPECIFIED"
"960"|"Banks,J.Antibiotics,50,(1997),840"|"UNSPECIFIED"|"UNSPECIFIED"
"968"|"Barow,J.Antibiotics,47,(1994),1182"|"UNSPECIFIED"|"UNSPECIFIED"
"1307"|"Barter, M. et al., Bull. Soc. Chim. Fr., 1962, 187"|"UNSPECIFIED"|"UNSPECIFIED"
"5"|"Bartlett,J.Chem.Soc,Chem.Commun,(1981),1198"|"UNSPECIFIED"|"UNSPECIFIED"
"6"|"Barton,Comprehensive natural products chemistry,Elsevier,vol1,(1999),1.16"|"UNSPECIFIED"|"UNSPECIFIED"
"1122"|"Barton,J.Chem.Soc.,Perkin Trans,1,(1972),513-522"|"UNSPECIFIED"|"UNSPECIFIED"
"1108"|"Barton,J.Chem.Soc.,Perkin Trans,1,(1974),1326-1333"|"UNSPECIFIED"|"UNSPECIFIED"
"1109"|"Barton,J.Chem.Soc.,Perkin Trans,1,(1975),88-92"|"UNSPECIFIED"|"UNSPECIFIED"
"853"|"Berde,Handbook of Experimental Pharmacology,Springer-Verlag New York,(1978)"|"UNSPECIFIED"|"UNSPECIFIED"
"1514"|"Biochem. J., 1922, 16, 4, 514"|"10.1042/bj0160514"|"https://portlandpress.com/biochemj/article-abstract/16/4/514/5599/Note-on-a-New-Tannase-from-Aspergillus-Luchuensis"
"1555"|"Biochem. J., 1957, 67, 1, 155"|"10.1042/bj0670155"|"https://portlandpress.com/biochemj/article-abstract/67/1/155/50984/Studies-in-the-biochemistry-of-micro-organisms-102"
"848"|"Biochem.Prep.,4,(1955),56"|"UNSPECIFIED"|"UNSPECIFIED"
"1654"|"Biochemistry, 1978, 17, 13, 2696"|"10.1021/bi00606a037"|"https://pubs.acs.org/doi/abs/10.1021/bi00606a037"
"1429"|"Biochemistry, 2002, 41, 51, 15135"|"10.1021/bi026238c"|"https://pubs.acs.org/doi/10.1021/bi026238c"
"1423"|"Biol. Pharm. Bull. 2014, 37, 3, 378"|"10.1248/bpb.b13-00719"|"https://www.jstage.jst.go.jp/article/bpb/37/3/37_b13-00719/_article"
"1335"|"Biomolecular characterization of biosynthetic pathways in Aspergillus aculeatus"|"UNSPECIFIED"|"https://es.slideshare.net/LasseNorupAndersen/thesis-59600794"
"1550"|"Bioorg. Med. Chem. Lett., 2004, 14, 13, 3539"|"10.1016/j.bmcl.2004.04.050"|"https://www.sciencedirect.com/science/article/abs/pii/S0960894X04005487"
"1477"|"Bioorg. Med. Chem. Lett., 2016, 26, 2, 346"|"10.1016/j.bmcl.2015.12.009"|"https://www.sciencedirect.com/science/article/abs/pii/S0960894X15303218"
"1686"|"Bioorg. Med. Chem. Lett.,2013,23,13,3905-3909"|"10.1016/j.bmcl.2013.04.059"|"https://doi.org/10.1016/j.bmcl.2013.04.059"
"1507"|"Bioorg. Med. Chem., 2011, 19, 22, 6587"|"10.1016/j.bmc.2011.05.045"|"https://www.sciencedirect.com/science/article/abs/pii/S0968089611003981"
"1673"|"Bioorg. Med. Chem.,2021,29,115883"|"10.1016/j.bmc.2020.115883"|"UNSPECIFIED"
"1688"|"Bioorganic & Medicinal Chemistry,1997,5,12, 2165-2171"|"10.1016/S0968-0896(97)00160-0"|"https://doi.org/10.1016/S0968-0896(97)00160-0"
"1503"|"Bioprocess Biosyst. Eng., 2013, 36, 3, 285"|"10.1007/s00449-012-0783-4"|"https://link.springer.com/article/10.1007%2Fs00449-012-0783-4"
"1636"|"Biosci. Biotech. Bioch.2009,73, 203"|"10.1271/bbb.80535"|"https://academic.oup.com/bbb/article/73/1/203/5947924"
"1425"|"Biosci. Biotechnol. Biochem., 1993, 57, 7, 1222"|"10.1271/bbb.57.1222"|"https://academic.oup.com/bbb/article/57/7/1222/5959776"
"1414"|"Biosci. Biotechnol. Biochem., 2009, 73, 8, 1898"|"10.1271/bbb.90228"|"https://academic.oup.com/bbb/article/73/8/1898/5947536"
"1642"|"Biotechnol. Lett. 2019, 41, 651"|"10.1007/s10529-019-02677-3"|"https://link.springer.com/article/10.1007/s10529-019-02677-3"
"1175"|"Blunt,Nat.Prod.Rep.,27,(2010),165"|"UNSPECIFIED"|"UNSPECIFIED"
"1469"|"BMC Genomics, 2016, 17, 570"|"10.1186/s12864-016-2885-x"|"https://bmcgenomics.biomedcentral.com/articles/10.1186/s12864-016-2885-x"
"1304"|"Braz Filho, R. et al., Phytochemistry, 1975, 14, 261"|"UNSPECIFIED"|"UNSPECIFIED"
"109"|"Brown,Appl.Environ.Microbiol,60,(1994),979"|"UNSPECIFIED"|"UNSPECIFIED"
"108"|"Brown,Tetrahedron Lett,34,(1993),419"|"UNSPECIFIED"|"UNSPECIFIED"
"1146"|"Buchi,J.Am.Chem.Soc.,95,(1973),5423"|"UNSPECIFIED"|"UNSPECIFIED"
"1046"|"Buchi,J.Org.Chem,(1977),244"|"UNSPECIFIED"|"UNSPECIFIED"
"1079"|"Buchi,Life Science,13,(1973),1145"|"UNSPECIFIED"|"UNSPECIFIED"
"209"|"Buisson,J.Nat.Prod.,70,(2007),1035"|"UNSPECIFIED"|"UNSPECIFIED"
"1643"|"Bull. Environ. Contam. Toxicol., 1986, 37, 5, 643"|"10.1007/BF01607817"|"https://link.springer.com/article/10.1007/BF01607817"
"1092"|"Bullock,J.Chem.Soc.,(1963),829"|"UNSPECIFIED"|"UNSPECIFIED"
"850"|"C.J.Balibar et al.,Nature Chem.Biol.,3,(2007),584-592"|"UNSPECIFIED"|"UNSPECIFIED"
"870"|"C.T.Walsh et al.,ACS Chem.Biol.,8,(2013),1366-1382"|"UNSPECIFIED"|"UNSPECIFIED"
"368"|"Calton,J. Antibiotics,31,(1978),38"|"UNSPECIFIED"|"UNSPECIFIED"
"1449"|"Can. J. Microbiol., 1975, 21, 11, 1781"|"10.1139/m75-259"|"https://cdnsciencepub.com/doi/10.1139/m75-259"
"1545"|"Can. J.Microbiol., 1979, 25, 2, 130"|"10.1139/m79-021"|"https://cdnsciencepub.com/doi/10.1139/m79-021"
"1599"|"Cancer, 2015, 121, 5, 800"|"10.1002/cncr.29118"|"https://acsjournals.onlinelibrary.wiley.com/doi/full/10.1002/cncr.29118"
"1548"|"Carbohydr. Res., 2005, 340, 4, 609"|"10.1016/j.carres.2005.01.005"|"https://www.sciencedirect.com/science/article/abs/pii/S000862150500008X"
"1534"|"Chem. Biodivers., 2008, 5, 1, 93"|"10.1002/cbdv.200890017"|"https://onlinelibrary.wiley.com/doi/abs/10.1002/cbdv.200890017"
"1399"|"Chem. Biodivers., 2009, 6, 3, 328"|"10.1002/cbdv.200800292."|"https://onlinelibrary.wiley.com/doi/abs/10.1002/cbdv.200800292"
"1490"|"Chem. Biodivers., 2014, 11, 1, 85"|"10.1002/cbdv.201300220"|"https://onlinelibrary.wiley.com/doi/abs/10.1002/cbdv.201300220"
"1652"|"Chem. Biodiversity, 2013, 10, 7, 1193"|"10.1002/cbdv.201300042"|"https://onlinelibrary.wiley.com/doi/abs/10.1002/cbdv.201300042"
"1687"|"Chem. Eur.J.2016, 22,1277-1291"|"10.1002/chem.201503417"|"https://doi.org/10.1002/chem.201503417"
"1633"|"Chem. Pharm. Bull, 1978, 26, 1, 111"|"10.1248/cpb.26.111"|"https://doi.org/10.1248/cpb.26.111"
"1564"|"Chem. Pharm. Bull. (Tokyo), 1988, 36, 1, 398"|"10.1248/cpb.36.398"|"https://www.jstage.jst.go.jp/article/cpb1958/36/1/36_1_398/_article"
"1546"|"Chem. Pharm. Bull. (Tokyo), 2006, 54, 12, 1639"|"10.1248/cpb.54.1639"|"https://www.jstage.jst.go.jp/article/cpb/54/12/54_12_1639/_article"
"1524"|"Chem. Pharm. Bull. (Tokyo), 2007, 55, 9, 1338"|"10.1248/cpb.55.1338"|"https://www.jstage.jst.go.jp/article/cpb/55/9/55_9_1338/_article"
"1352"|"Chem. Pharm. Bull., 2010, 58, 5, 717"|"10.1248/cpb.58.717"|"https://pubmed.ncbi.nlm.nih.gov/20460802/"
"1678"|"Chem. Pharm. Bull.,1983,31,5,1528-1533"|"10.1248/cpb.31.1528"|"https://doi.org/10.1248/cpb.31.1528"
"1481"|"Chembiochem, 2014, 15, 5, 656"|"10.1002/cbic.201300751"|"https://chemistry-europe.onlinelibrary.wiley.com/doi/full/10.1002/cbic.201300751"
"1333"|"ChemBioChem, 2015, 16, 15, 2200"|"10.1002/cbic.201500210"|"https://doi.org/10.1002/cbic.201500210"
"1489"|"Chembiochem, 2016, 17, 9, 1813"|"10.1002/cbic.201600293"|"https://chemistry-europe.onlinelibrary.wiley.com/doi/full/10.1002/cbic.201600293"
"1170"|"Chen,Chem.Pharm.Bull.,54,(2006),1605"|"UNSPECIFIED"|"UNSPECIFIED"
"1308"|"Chexal, K.K.JACS, 1976, 98, 6748 (cryst struct)"|"UNSPECIFIED"|"UNSPECIFIED"
"1135"|"Chexal,J.C.S.Perkin 1,(1975),543-548"|"UNSPECIFIED"|"UNSPECIFIED"
"1133"|"Chexal,J.C.S.Perkin 1,(1975),549-554"|"UNSPECIFIED"|"UNSPECIFIED"
"913"|"Cho,J. Antibiotics,56,(2003),344"|"UNSPECIFIED"|"UNSPECIFIED"
"929"|"Chu,J.Antibiotics,54,(2001),1096"|"UNSPECIFIED"|"UNSPECIFIED"
"898"|"Cole,Ann.Nutr.Alim.,31,(1977),685"|"UNSPECIFIED"|"UNSPECIFIED"
"284"|"Cole,Handbook of Secondary Fungal Metabolites,Volume I,(2003)"|"UNSPECIFIED"|"UNSPECIFIED"
"1130"|"Cole,Handbook of Toxic Fungal Metabolites"|"UNSPECIFIED"|"UNSPECIFIED"
"892"|"Cole,Handbook of Toxic Fungal Metabolites,(1981),357"|"UNSPECIFIED"|"UNSPECIFIED"
"894"|"Cole,Handbook of Toxic Fungal Metabolites,(1981),360"|"UNSPECIFIED"|"UNSPECIFIED"
"899"|"Cole,Handbook of Toxic Fungal Metabolites,(1981),364"|"UNSPECIFIED"|"UNSPECIFIED"
"900"|"Cole,Handbook of Toxic Fungal Metabolites,(1981),368"|"UNSPECIFIED"|"UNSPECIFIED"
"901"|"Cole,Handbook of Toxic Fungal Metabolites,(1981),377"|"UNSPECIFIED"|"UNSPECIFIED"
"856"|"Cole,Handbook of Toxic Fungal Metabolites,(1981),537"|"UNSPECIFIED"|"UNSPECIFIED"
"1141"|"Cole,Handbook of Toxic Fungal Metabolites,Academic Press, (1981)"|"UNSPECIFIED"|"UNSPECIFIED"
"1128"|"Cole,Handbook of Toxic Fungal Metabolites,Academic Press, (1981), 806-809"|"UNSPECIFIED"|"UNSPECIFIED"
"1140"|"Cole,Handbook of Toxic Fungal Metabolites,Academic Press, (1981), 937"|"UNSPECIFIED"|"UNSPECIFIED"
"1082"|"Cole,Handbook of Toxic Fungal Metabolites,Academic Press, (1981),10-14"|"UNSPECIFIED"|"UNSPECIFIED"
"1084"|"Cole,Handbook of Toxic Fungal Metabolites,Academic Press, (1981),102"|"UNSPECIFIED"|"UNSPECIFIED"
"114"|"Cole,Handbook of Toxic Fungal Metabolites,Academic Press, (1981),107"|"UNSPECIFIED"|"UNSPECIFIED"
"1088"|"Cole,Handbook of Toxic Fungal Metabolites,Academic Press, (1981),121"|"UNSPECIFIED"|"UNSPECIFIED"
"1091"|"Cole,Handbook of Toxic Fungal Metabolites,Academic Press, (1981),122"|"UNSPECIFIED"|"UNSPECIFIED"
"1093"|"Cole,Handbook of Toxic Fungal Metabolites,Academic Press, (1981),125"|"UNSPECIFIED"|"UNSPECIFIED"
"1074"|"Cole,Handbook of Toxic Fungal Metabolites,Academic Press, (1981),15-19"|"UNSPECIFIED"|"UNSPECIFIED"
"1077"|"Cole,Handbook of Toxic Fungal Metabolites,Academic Press, (1981),29-33"|"UNSPECIFIED"|"UNSPECIFIED"
"1080"|"Cole,Handbook of Toxic Fungal Metabolites,Academic Press, (1981),3-5"|"UNSPECIFIED"|"UNSPECIFIED"
"1064"|"Cole,Handbook of Toxic Fungal Metabolites,Academic Press, (1981),398-401"|"UNSPECIFIED"|"UNSPECIFIED"
"1067"|"Cole,Handbook of Toxic Fungal Metabolites,Academic Press, (1981),410-413"|"UNSPECIFIED"|"UNSPECIFIED"
"1047"|"Cole,Handbook of Toxic Fungal Metabolites,Academic Press, (1981),414"|"UNSPECIFIED"|"UNSPECIFIED"
"1049"|"Cole,Handbook of Toxic Fungal Metabolites,Academic Press, (1981),418"|"UNSPECIFIED"|"UNSPECIFIED"
"1052"|"Cole,Handbook of Toxic Fungal Metabolites,Academic Press, (1981),422"|"UNSPECIFIED"|"UNSPECIFIED"
"1053"|"Cole,Handbook of Toxic Fungal Metabolites,Academic Press, (1981),426"|"UNSPECIFIED"|"UNSPECIFIED"
"1054"|"Cole,Handbook of Toxic Fungal Metabolites,Academic Press, (1981),434"|"UNSPECIFIED"|"UNSPECIFIED"
"1057"|"Cole,Handbook of Toxic Fungal Metabolites,Academic Press, (1981),438"|"UNSPECIFIED"|"UNSPECIFIED"
"119"|"Cole,Handbook of Toxic Fungal Metabolites,Academic Press, (1981),68-69"|"UNSPECIFIED"|"UNSPECIFIED"
"1095"|"Cole,Handbook of Toxic Fungal Metabolites,Academic Press, (1981),73-74"|"UNSPECIFIED"|"UNSPECIFIED"
"1097"|"Cole,Handbook of Toxic Fungal Metabolites,Academic Press, (1981),77"|"UNSPECIFIED"|"UNSPECIFIED"
"1099"|"Cole,Handbook of Toxic Fungal Metabolites,Academic Press, (1981),81-82"|"UNSPECIFIED"|"UNSPECIFIED"
"1101"|"Cole,Handbook of Toxic Fungal Metabolites,Academic Press, (1981),85"|"UNSPECIFIED"|"UNSPECIFIED"
"1102"|"Cole,Handbook of Toxic Fungal Metabolites,Academic Press, (1981),89"|"UNSPECIFIED"|"UNSPECIFIED"
"117"|"Cole,Handbook of Toxic Fungal Metabolites,Academic Press, (1981),99"|"UNSPECIFIED"|"UNSPECIFIED"
"1083"|"Cole,J.Agric.Food Chem.,19,(1971),222"|"UNSPECIFIED"|"UNSPECIFIED"
"1065"|"Cole,J.Agric.Food Chem.,29,(1981),293-295"|"UNSPECIFIED"|"UNSPECIFIED"
"1100"|"Cole,Tet.Lett.,(1970),3109"|"UNSPECIFIED"|"UNSPECIFIED"
"1117"|"Cooks,J.Agric.Food Chem.,18,(1970),620-623"|"UNSPECIFIED"|"UNSPECIFIED"
"1206"|"Cueto,Phytochem.,67,(2006),1826"|"UNSPECIFIED"|"UNSPECIFIED"
"949"|"Cui,J. Antibiotics,48,(1995),1382"|"UNSPECIFIED"|"UNSPECIFIED"
"953"|"Cui,J. Antibiotics,49,(1996),216"|"UNSPECIFIED"|"UNSPECIFIED"
"955"|"Cui,J. Antibiotics,49,(1996),527"|"UNSPECIFIED"|"UNSPECIFIED"
"957"|"Cui,J. Antibiotics,49,(1996),832"|"UNSPECIFIED"|"UNSPECIFIED"
"1158"|"Cui,J.Antibiotics,49,(1996),832"|"UNSPECIFIED"|"UNSPECIFIED"
"1159"|"Cui,Tetrahedron,51,(1996),12651"|"UNSPECIFIED"|"UNSPECIFIED"
"1160"|"Cui,Tetrahedron,53,(1997),59"|"UNSPECIFIED"|"UNSPECIFIED"
"1706"|"Curr. Microbiol., 2008, 57, 3, 222"|"10.1007/s00284-008-9178-9"|"https://link.springer.com/article/10.1007%2Fs00284-008-9178-9"
"36"|"Curtis,J.Chem.Soc.C,(1966),168"|"UNSPECIFIED"|"UNSPECIFIED"
"37"|"Curtis,J.Chem.Soc.C,(1968),1807"|"UNSPECIFIED"|"UNSPECIFIED"
"1081"|"Dalezios,Science,171,(1971),584"|"UNSPECIFIED"|"UNSPECIFIED"
"1309"|"Davies, J.E. et al., JCS, 1962, 4179-4183 (isol)"|"UNSPECIFIED"|"UNSPECIFIED"
"1577"|"Diagn. Microbiol. Infect Dis., 2016, 84, 2, 125"|"10.1016/j.diagmicrobio.2015.10.027"|"https://www.sciencedirect.com/science/article/abs/pii/S0732889315003983"
"1240"|"Dolan, S. K. et al., Trends Microbiol., 23, (2015), 419-428."|"UNSPECIFIED"|"UNSPECIFIED"
"115"|"Donkersloot,Biochim.Biophys.Acta,86,(1964),418"|"UNSPECIFIED"|"UNSPECIFIED"
"1075"|"Dorner,J.Assoc.Off.Anal.Chem.,71,(1988),43-47"|"UNSPECIFIED"|"UNSPECIFIED"
"1043"|"Dorner,Phytochem.,19,(1980),1157"|"UNSPECIFIED"|"UNSPECIFIED"
"1630"|"Drug Discov. Ther., 2014, 8, 2, 84"|"10.5582/ddt.8.84"|"https://www.mdpi.com/2218-1989/2/1/39"
"1139"|"Ellestad,J.Amer.Chem.Soc.,94,(1972),6206-6208"|"UNSPECIFIED"|"UNSPECIFIED"
"871"|"Ellestad,J.Org.Chem.,38,(1973),4204"|"UNSPECIFIED"|"UNSPECIFIED"
"1574"|"Enzyme Microb. Technol., 2016, 91, 52"|"10.1016/j.enzmictec.2016.05.011"|"https://www.sciencedirect.com/science/article/abs/pii/S0141022916301016"
"1192"|"Epifano,Phytochem.,68,(2007),939"|"UNSPECIFIED"|"UNSPECIFIED"
"1438"|"Eur. J. Nucl. Med. Mol. Imaging, 2013, 40, 4, 642"|"10.1007/s00259-013-2354-6"|"https://link.springer.com/article/10.1007%2Fs00259-013-2354-6"
"963"|"Fang,J.Antibiotics 50,(1997),919"|"10.7164/antibiotics.50.919"|"https://pubmed.ncbi.nlm.nih.gov/9592564/"
"1704"|"FEMS Microbiol. Lett., 2016, 363, 3, fnv236"|"10.1093/femsle/fnv236"|"https://academic.oup.com/femsle/article/363/3/fnv236/2594526"
"1453"|"FEMS Microbiol. Lett., 2016, 363, 5, fnw026"|"10.1093/femsle/fnw026"|"https://academic.oup.com/femsle/article/363/5/fnw026/2570215"
"1479"|"Fitoterapia, 2014, 95, 194"|"10.1016/j.fitote.2014.03.021"|"https://www.sciencedirect.com/science/article/abs/pii/S0367326X14000951"
"1349"|"Fitoterapia., 2016, 113, 44"|"10.1016/j.fitote.2016.06.014"|"https://pubmed.ncbi.nlm.nih.gov/27370101/"
"1536"|"Food Addit. Contam. Part A, Chem. Anal. Control Expo. Risk Assess., 2009, 26, 1, 94"|"10.1080/02652030802366090"|"https://www.tandfonline.com/doi/abs/10.1080/02652030802366090"
"1694"|"Food Microbiol., 2014, 41, 52"|"10.1016/j.fm.2013.12.005"|"https://www.sciencedirect.com/science/article/abs/pii/S0740002014000033"
"1239"|"Fremlin,J.Nat.Prod.,72,(2009),666"|"UNSPECIFIED"|"UNSPECIFIED"
"1703"|"Front. Microbiol., 2016, 6, 1485"|"10.3389/fmicb.2015.01485"|"https://www.frontiersin.org/articles/10.3389/fmicb.2015.01485/full"
"4"|"Fujii,Biosci.Biotech.Biochem,59,(1995),1869"|"UNSPECIFIED"|"UNSPECIFIED"
"38"|"Fujimoto,Chem.Ber,108,(1975),1224"|"UNSPECIFIED"|"UNSPECIFIED"
"1111"|"Fujimoto,Chem.Pharm.Bull.,39,(1991),1958-1961"|"UNSPECIFIED"|"UNSPECIFIED"
"1058"|"Fujimoto,Chem.Pharm.Bull.,44,(1996),1843-1848"|"UNSPECIFIED"|"UNSPECIFIED"
"1103"|"Fukuyama,Bull.Chem.Soc.,48,(1975),1639"|"UNSPECIFIED"|"UNSPECIFIED"
"1549"|"Fungal Biol., 2011, 115, 11, 1138"|"10.1016/j.funbio.2011.07.008"|"https://www.sciencedirect.com/science/article/abs/pii/S1878614611001425"
"1442"|"Fungal Biol., 2011, 115,4 ,5, 406"|"10.1016/j.funbio.2011.02.013"|"https://www.sciencedirect.com/science/article/abs/pii/S1878614611000432"
"1491"|"Fungal Biol., 2015, 119, 11, 973"|"10.1016/j.funbio.2015.06.006"|"https://www.sciencedirect.com/science/article/abs/pii/S1878614615001051"
"1460"|"Fungal Biol., 2016, 120, 4, 489"|"10.1016/j.funbio.2016.01.002"|"https://www.sciencedirect.com/science/article/abs/pii/S1878614616000143"
"1671"|"Fungal Genetics and Biology,2020,139,10337"|"10.1016/j.fgb.2020.103378"|"https://doi.org/10.1016/j.fgb.2020.103378"
"1066"|"Gallagher,Tet.Lett.,21,(1980),235-238"|"UNSPECIFIED"|"UNSPECIFIED"
"1068"|"Gallagher,Tet.Lett.,21,(1980),239-240"|"UNSPECIFIED"|"UNSPECIFIED"
"111"|"Galmarini,J.Org.Chem,30,(1965),112"|"UNSPECIFIED"|"UNSPECIFIED"
"1180"|"Gao, J-M. et al., Chem. Rev., 113, (2013), 4755-4811."|"UNSPECIFIED"|"UNSPECIFIED"
"1575"|"Genome Announc., 2016, 4, 3, e00491"|"10.1128/genomeA.00491-16"|"https://mra.asm.org/content/4/3/e00491-16"
"985"|"Goetz,J.Antibiotics,38,(1985),1633"|"UNSPECIFIED"|"UNSPECIFIED"
"988"|"Goetz,J.Antibiotics,41,(1988),875"|"UNSPECIFIED"|"UNSPECIFIED"
"1310"|"Gorst-Allman, C.P. et al., JCS Perkin 1, 1980, 2474-2479 (isol, uv, ir, pmr, cmr)"|"UNSPECIFIED"|"UNSPECIFIED"
"118"|"Gorst-Allman,J.Chem.Soc.,Perkin Trans.,1,(1978),961"|"UNSPECIFIED"|"UNSPECIFIED"
"1036"|"Gould,Tetrahedron Lett.,22,(1981),1047"|"UNSPECIFIED"|"UNSPECIFIED"
"956"|"Grabley,J.Antibiotics 49,(1996),593"|"UNSPECIFIED"|"UNSPECIFIED"
"1143"|"Grove,J.C.S.Perkin 1,(1972),2406-2411"|"UNSPECIFIED"|"UNSPECIFIED"
"1266"|"Guo, Z. et al., Mar. Drug, 15, (2017), 381."|"UNSPECIFIED"|"UNSPECIFIED"
"874"|"Guzman,J.Nat.Prod.,55,(1992),931"|"UNSPECIFIED"|"UNSPECIFIED"
"1105"|"Haefliger,Helvetica Chimica Acta,56,(1973),2901-2903"|"UNSPECIFIED"|"UNSPECIFIED"
"928"|"Hall,J.Antibiotics 54,(2001),948"|"UNSPECIFIED"|"UNSPECIFIED"
"969"|"Hamano,J.Antibiotics 45,(1992),1195"|"UNSPECIFIED"|"UNSPECIFIED"
"1035"|"Hamasaki,Agric. Biol. Chem.,39,(1975),749"|"UNSPECIFIED"|"UNSPECIFIED"
"1086"|"Hamasaki,Agric.Biol.Chem.,31,(1967),11-17"|"UNSPECIFIED"|"UNSPECIFIED"
"1104"|"Hamasaki,Agric.Biol.Chem.,37,(1973),1769"|"UNSPECIFIED"|"UNSPECIFIED"
"910"|"Hamasaki,Agric.Biol.Chem.,39,(1975),2337"|"UNSPECIFIED"|"UNSPECIFIED"
"864"|"Hamasaki,Agric.Biol.Chem.,40,(1976),2487"|"UNSPECIFIED"|"UNSPECIFIED"
"909"|"Hamasaki,Agric.Biol.Chem.,42,(1978),37"|"UNSPECIFIED"|"UNSPECIFIED"
"846"|"Harborne, The Handbook of Natural Flavonoids, 1, (1999), 181.Flavonols"|"UNSPECIFIED"|"UNSPECIFIED"
"222"|"Harborne,Phytochemical Dictionary Second Edition,Taylor and Francis,(1999),Chapter1"|"UNSPECIFIED"|"UNSPECIFIED"
"279"|"Harborne,Phytochemical Dictionary Second Edition,Taylor and Francis,(1999),Chapter14"|"UNSPECIFIED"|"UNSPECIFIED"
"282"|"Harborne,Phytochemical Dictionary Second Edition,Taylor and Francis,(1999),Chapter16"|"UNSPECIFIED"|"UNSPECIFIED"
"288"|"Harborne,Phytochemical Dictionary Second Edition,Taylor and Francis,(1999),Chapter20"|"UNSPECIFIED"|"UNSPECIFIED"
"294"|"Harborne,Phytochemical Dictionary Second Edition,Taylor and Francis,(1999),Chapter31"|"UNSPECIFIED"|"UNSPECIFIED"
"204"|"Harborne,Phytochemical Dictionary Second Edition,Taylor and Francis,(1999),Chapter37"|"UNSPECIFIED"|"UNSPECIFIED"
"361"|"Harborne,Phytochemical Dictionary Second Edition,Taylor and Francis,(1999),Chapter47"|"UNSPECIFIED"|"UNSPECIFIED"
"227"|"Harborne,Phytochemical Dictionary Second Edition,Taylor and Francis,(1999),Chapter5"|"UNSPECIFIED"|"UNSPECIFIED"
"365"|"Harborne,Phytochemical Dictionary Second Edition,Taylor and Francis,(1999),Chapter50"|"UNSPECIFIED"|"UNSPECIFIED"
"135"|"Hargreaves,J.Nat.Prod.,65,(2002),7"|"UNSPECIFIED"|"UNSPECIFIED"
"364"|"Harris,Phytochem.,58,(2001),703"|"UNSPECIFIED"|"UNSPECIFIED"
"1187"|"Hasegawa,Chem.Pharm.Bull.,55,(2007),1338"|"UNSPECIFIED"|"UNSPECIFIED"
"1096"|"Hatsuda,Agric.Biol.Chem.,36,(1972),524"|"UNSPECIFIED"|"UNSPECIFIED"
"861"|"Hayashi,J.Nat.Prod.,62,(1999),315"|"UNSPECIFIED"|"UNSPECIFIED"
"859"|"Hayashi,J.Org.Chem.,65,(2000),8402"|"UNSPECIFIED"|"UNSPECIFIED"
"959"|"Hayashi,Jpn.Kokai Tokkyo Koho,JP10,(1998),245383"|"UNSPECIFIED"|"UNSPECIFIED"
"944"|"He,J.Nat.Prod.,67,(2004),1985"|"UNSPECIFIED"|"UNSPECIFIED"
"1311"|"Heathcote, J.G. et al., Tetrahedron, 1969, 25, 1497 (isol, uv, struct)"|"UNSPECIFIED"|"UNSPECIFIED"
"1078"|"Helrich,AOAC Official Methods of Analysis,15th Edition,11"|"UNSPECIFIED"|"UNSPECIFIED"
"1474"|"Helv. Chim. Acta, 1974, 57, 8, 2459"|"10.1002/hlca.19740570818"|"https://onlinelibrary.wiley.com/doi/abs/10.1002/hlca.19740570818"
"993"|"Hensens,J. Antibiotics,34,(1981),507"|"UNSPECIFIED"|"UNSPECIFIED"
"1209"|"Hiort,J.Nat.Prod.,67,(2004),1532"|"UNSPECIFIED"|"UNSPECIFIED"
"865"|"Hirano,J. Antibiotics,32,(1979),781"|"UNSPECIFIED"|"UNSPECIFIED"
"971"|"Hochlowski,J.Antibiotics 46,(1993),380"|"UNSPECIFIED"|"UNSPECIFIED"
"1134"|"Holker,J.C.S.Perkin 1,(1974),2135-2142"|"UNSPECIFIED"|"UNSPECIFIED"
"1312"|"Horak, R.M. et al., JCS Perkin 1, 1985, 345-356 (isol, struct, pmr)"|"UNSPECIFIED"|"UNSPECIFIED"
"1313"|"Horak, R.M. et al., JCS Perkin 1, 1985, 363-367 (Austalide I)"|"UNSPECIFIED"|"UNSPECIFIED"
"1314"|"Horak, R.M. et al., JCS Perkin 1, 1985, 363-367 (isol, struct, pmr)"|"UNSPECIFIED"|"UNSPECIFIED"
"1500"|"IMA Fungus, 2010, 1, 2, 187"|"10.5598/imafungus.2010.01.02.12"|"https://imafungus.biomedcentral.com/articles/10.5598/imafungus.2010.01.02.12"
"1466"|"IMA Fungus, 2010, 1, 2, 197"|"10.5598/imafungus.2010.01.02.13"|"https://imafungus.biomedcentral.com/articles/10.5598/imafungus.2010.01.02.13"
"1493"|"Indian J. Microbiol., 2010, 50, 2, 225"|"10.1007/s12088-010-0044-7"|"https://link.springer.com/article/10.1007%2Fs12088-010-0044-7"
"1241"|"Ingavat,J.Nat.Prod.,72,(2009),2049"|"UNSPECIFIED"|"UNSPECIFIED"
"934"|"Inokoshi,J.Antibiotics 52,(1999),1095"|"UNSPECIFIED"|"UNSPECIFIED"
"1653"|"Int. Congr. Pure Appl. Chem., 1977, 4, A21"|"10.1016/B978-0-08-022038-3.50009-5"|"https://www.sciencedirect.com/science/article/pii/B9780080220383500095"
"1485"|"Int. J. Biol. Macromol., 2015, 81, 17"|"10.1016/j.ijbiomac.2015.07.043"|"https://www.sciencedirect.com/science/article/pii/S0141813015005140"
"1707"|"Int. J. Biol. Macromol., 2016, 92, 1113"|"10.1016/j.ijbiomac.2016.08.026"|"https://www.sciencedirect.com/science/article/abs/pii/S014181301631159X"
"1324"|"Int. J. Food Microbiol., 2009, 132, 2-3, 141"|"10.1016/j.ijfoodmicro.2009.04.011"|"https://pubmed.ncbi.nlm.nih.gov/19439385/"
"1501"|"Int. J. Food Microbiol., 2011, 149, 2, 171"|"10.1016/j.ijfoodmicro.2011.06.002"|"https://www.sciencedirect.com/science/article/abs/pii/S0168160511003370"
"1520"|"Int. J. Food Microbiol., 2012, 156, 1, 1"|"10.1016/j.ijfoodmicro.2012.03.001"|"https://www.sciencedirect.com/science/article/abs/pii/S0168160512001201"
"1554"|"Int. J. Food Microbiol., 2014, 186, 14"|"10.1016/j.ijfoodmicro.2014.06.006"|"https://www.sciencedirect.com/science/article/abs/pii/S0168160514002906"
"1426"|"Int. J. Food Microbiol., 2014, 188, 116"|"10.1016/j.ijfoodmicro.2014.07.025"|"https://www.sciencedirect.com/science/article/abs/pii/S0168160514003687"
"1569"|"Int. J. Food Microbiol., 2015, 214, 102"|"10.1016/j.ijfoodmicro.2015.07.020"|"https://www.sciencedirect.com/science/article/abs/pii/S016816051530074X"
"1543"|"Int. J. Food Microbiol., 2016, 228,44"|"10.1016/j.ijfoodmicro.2016.03.015"|"https://www.sciencedirect.com/science/article/abs/pii/S0168160516301143"
"1440"|"Int. J. Syst. Evol. Microbiol., 2008, 58, 3, 725"|"10.1099/ijs.0.65123-0"|"https://www.microbiologyresearch.org/content/journal/ijsem/10.1099/ijs.0.65123-0"
"1465"|"Int. J. Syst. Evol. Microbiol., 2012, 62, 4, 1007"|"10.1099/ijs.0.034785-0"|"https://www.microbiologyresearch.org/content/journal/ijsem/10.1099/ijs.0.034785-0"
"1708"|"Int. J. Syst. Evol. Microbiol., 2013, 63, 2, 783"|"10.1099/ijs.0.047076-0"|"https://www.microbiologyresearch.org/content/journal/ijsem/10.1099/ijs.0.047076-0"
"1698"|"Int. J. Syst. Evol. Microbiol., 2016, 66, 7, 2566"|"10.1099/ijsem.0.001094"|"https://www.microbiologyresearch.org/content/journal/ijsem/10.1099/ijsem.0.001094"
"1579"|"Interdiscip. Sci., 2017, 9, 2, 237"|"10.1007/s12539-016-0146-y"|"https://link.springer.com/article/10.1007%2Fs12539-016-0146-y"
"1136"|"Ishida,Agr.Biol.Chem.,39,(1975),291-292"|"UNSPECIFIED"|"UNSPECIFIED"
"1649"|"J. Agric. Food Chem. 1993, 41, 6, 973"|"10.1021/jf00030a027"|"https://pubs.acs.org/doi/abs/10.1021/jf00030a027"
"1650"|"J. Agric. Food Chem. 2003, 51, 8, 2156"|"10.1021/jf020983e"|"https://pubs.acs.org/doi/10.1021/jf020983e"
"1672"|"J. Agric. Food Chem. 2010, 58, 949-953"|"10.1021/jf902834g"|"https://doi.org/10.1021/jf902834g"
"1408"|"J. Agric. Food Chem. 2016, 64, 35, 6659"|"10.1021/acs.jafc.6b01772"|"https://pubs.acs.org/doi/10.1021/acs.jafc.6b01772"
"1532"|"J. Agric. Food Chem., 1979, 27, 3, 592"|"10.1021/jf60223a043"|"https://pubs.acs.org/doi/abs/10.1021/jf60223a043"
"1433"|"J. Agric. Food Chem., 2004, 52, 12, 3884"|"10.1021/jf049870g"|"https://pubs.acs.org/doi/10.1021/jf049870g"
"1535"|"J. Agric. Food Chem., 2007, 55, 23, 9727"|"10.1021/jf0718906"|"https://pubs.acs.org/doi/10.1021/jf0718906"
"1593"|"J. Agric. Food Chem., 2016, 64, 14, 2910"|"10.1021/acs.jafc.6b00527"|"https://pubs.acs.org/doi/10.1021/acs.jafc.6b00527"
"1696"|"J. Agric. Food Chem., 2016, 64, 19, 3789"|"10.1021/acs.jafc.6b01051"|"https://pubs.acs.org/doi/10.1021/acs.jafc.6b01051"
"1379"|"J. Am. Chem. Soc. 1976, 98, 11, 3365"|"10.1021/ja00427a051"|"https://doi.org/10.1021/ja00427a051"
"1624"|"J. Am. Chem. Soc. 1992, 114, 3, 1015"|"10.1021/ja00029a033"|"https://pubs.acs.org/doi/abs/10.1021/ja00029a033"
"1157"|"J. Antibiot. 2004, 57, 11, 707"|"10.7164/antibiotics.57.707"|"https://www.jstage.jst.go.jp/article/antibiotics1968/57/11/57_11_707/_article"
"1528"|"J. Antibiot. 2007, 60, 3, 204"|"10.1038/ja.2007.24"|"https://www.nature.com/articles/ja200724"
"1640"|"J. Antibiot. 2011, 65, 2, 109"|"10.1038/ja.2011.117"|"https://www.nature.com/articles/ja2011117"
"1468"|"J. Antibiot., 1977, 30, 2, 125"|"10.7164/antibiotics.30.125"|"https://www.jstage.jst.go.jp/article/antibiotics1968/30/2/30_2_125/_article"
"1494"|"J. Antibiot., 1980, 33, 11, 1270"|"10.7164/antibiotics.33.1270"|"https://www.jstage.jst.go.jp/article/antibiotics1968/33/11/33_11_1270/_article"
"1542"|"J. Antibiot., 1980, 33, 9, 931"|"10.7164/antibiotics.33.931"|"https://www.jstage.jst.go.jp/article/antibiotics1968/33/9/33_9_931/_article"
"1467"|"J. Antibiot., 1981, 34, 8, 923"|"10.7164/antibiotics.34.923"|"https://www.jstage.jst.go.jp/article/antibiotics1968/34/8/34_8_923/_article"
"1541"|"J. Antibiot., 1988, 41, 11, 1681"|"10.7164/antibiotics.41.1681"|"https://www.jstage.jst.go.jp/article/antibiotics1968/41/11/41_11_1681/_article"
"1400"|"J. Antibiot., 1995, 48, 6, 495"|"10.7164/antibiotics.48.495"|"https://www.jstage.jst.go.jp/article/antibiotics1968/48/6/48_6_495/_article"
"1401"|"J. Antibiot., 1996, 49, 3, 292"|"10.7164/antibiotics.49.292"|"https://www.jstage.jst.go.jp/article/antibiotics1968/49/3/49_3_292/_article"
"1551"|"J. Antibiot., 1996, 49, 6, 505"|"10.7164/antibiotics.49.50"|"https://www.jstage.jst.go.jp/article/antibiotics1968/49/6/49_6_505/_article"
"1538"|"J. Antibiot., 1997, 50, 8, 653"|"10.7164/antibiotics.50.653"|"https://www.jstage.jst.go.jp/article/antibiotics1968/50/8/50_8_653/_article"
"1563"|"J. Antibiot., 1999, 52, 12, 1095"|"10.7164/antibiotics.52.1095"|"https://www.jstage.jst.go.jp/article/antibiotics1968/52/12/52_12_1095/_article"
"1448"|"J. Antibiot., 2000, 53, 2, 110"|"10.7164/antibiotics.53.110"|"https://www.jstage.jst.go.jp/article/antibiotics1968/53/2/53_2_110/_article"
"1398"|"J. Antibiot., 2002, 55, 11, 952"|"10.7164/antibiotics.55.952"|"https://www.jstage.jst.go.jp/article/antibiotics1968/55/11/55_11_952/_article"
"1567"|"J. Antibiot., 2002, 55, 7, 666"|"10.7164/antibiotics.55.666"|"https://www.jstage.jst.go.jp/article/antibiotics1968/55/7/55_7_666/_article"
"1525"|"J. Antibiot., 2002, 55, 8, 685"|"10.7164/antibiotics.55.685"|"https://www.jstage.jst.go.jp/article/antibiotics1968/55/8/55_8_685/_article"
"1502"|"J. Antibiot., 2003, 56, 6, 526"|"10.7164/antibiotics.56.526"|"https://www.jstage.jst.go.jp/article/antibiotics1968/56/6/56_6_526/_article"
"1540"|"J. Antibiot., 2003, 56, 9, 755"|"10.7164/antibiotics.56.755"|"https://www.jstage.jst.go.jp/article/antibiotics1968/56/9/56_9_755/_article"
"1589"|"J. Antibiot., 2007, 60, 10, 603"|"10.1038/ja.2007.77"|"https://www.nature.com/articles/ja200777"
"1456"|"J. Antibiot., 2007, 60, 2, 153"|"10.1038/ja.2007.15"|"https://www.nature.com/articles/ja200715"
"1482"|"J. Antibiot., 2008, 61, 4, 245"|"10.1038/ja.2008.36"|"https://www.nature.com/articles/ja200836"
"1568"|"J. Antibiot., 2012, 65, 10, 535"|"10.1038/ja.2012.64"|"https://www.nature.com/articles/ja201264"
"1562"|"J. Antibiot., 2015, 68, 10, 63"|"10.1038/ja.2015.40"|"https://www.nature.com/articles/ja201540"
"1421"|"J. Antibiot., 2015, 68, 703"|"10.1038/ja.2015.55"|"https://www.nature.com/articles/ja201555"
"1592"|"J. Antibiot., 2017, 70, 2, 174"|"10.1038/ja.2016.95"|"https://www.nature.com/articles/ja201695"
"1422"|"J. Antibiot., 2017, 70, 6, 763"|"10.1038/ja.2017.45"|"https://www.nature.com/articles/ja201745"
"1531"|"J. Antibiot.., 2006, 59, 8, 480"|"10.1038/ja.2006.67"|"https://www.nature.com/articles/ja200667"
"1631"|"J. App. Pharm. Sci., 2020, 10, 4, 28"|"10.7324/JAPS.2020.104005"|"https://www.bibliomed.org/?mno=71465"
"1446"|"J. Appl. Microbiol., 2016, 120, 2, 301"|"10.1111/jam.12998"|"https://pubmed.ncbi.nlm.nih.gov/26544796/"
"1496"|"J. Asian Nat. Prod. Res., 2013, 15, 9, 956"|"10.1080/10286020.2013.826205"|"https://www.tandfonline.com/doi/abs/10.1080/10286020.2013.826205"
"1515"|"J. Bacteriol., 1945, 50, 579"|"10.1128/JB.50.5.579-584.1945"|"https://jb.asm.org/content/50/5/579"
"1702"|"J. Basic Microbiol., 2001, 41, 1, 45"|"10.1002/1521-4028(200103)41:1<45::AID-JOBM45>3.0.CO"|"https://onlinelibrary.wiley.com/doi/10.1002/1521-4028(200103)41:1%3C45::AID-JOBM45%3E3.0.CO"
"1705"|"J. Basic Microbiol., 2010, 50, 1, 90"|"10.1002/jobm.200900299"|"https://onlinelibrary.wiley.com/doi/abs/10.1002/jobm.200900299"
"1559"|"J. Chem. Soc. Perkin 1, 1965, 4672"|"10.1039/jr9650004672"|"https://pubs.rsc.org/en/content/articlelanding/1965/JR/jr9650004672#!divAbstract"
"1558"|"J. Chem. Soc. Perkin 1, 1973, 17, 1825"|"10.1039/p19730001825"|"https://pubs.rsc.org/en/content/articlelanding/1973/P1/p19730001825#!divAbstract"
"1345"|"J. Chem. Soc., 1983, 15"|"UNSPECIFIED"|"https://pubs.rsc.org/-/content/articlelanding/1983/c3/c39830000812"
"1389"|"J. Chem. Soc., Chem. Commun., 1975, 19, 778"|"10.1039/C39750000778"|"https://pubs.rsc.org/en/content/articlelanding/1975/C3/C39750000778#!divAbstract"
"1647"|"J. Chem. Soc., Perkin Trans., 1988, 1, 907-911"|"10.1039/P19880000907"|"https://doi.org/10.1039/P19880000907"
"1658"|"J. Chem. Soc., Perkin Trans.1982,1,2687-2692"|"10.1039/P19820002687"|"https://doi.org/10.1039/P19820002687"
"1581"|"J. Food Prot., 2016, 79, 3, 448"|"10.4315/0362-028X.JFP-15-437"|"https://meridian.allenpress.com/jfp/article-abstract/79/3/448/174358/Population-Dynamics-of-Aspergillus-Section-Nigri"
"1645"|"J. Fungi (Basel) 2020, 6, 4, 371"|"10.3390/jof6040371"|"https://pubmed.ncbi.nlm.nih.gov/33348541/"
"1697"|"J. Gen. Microbiol., 1963, 33, 2, 191"|"10.1099/00221287-33-2-191"|"https://www.microbiologyresearch.org/content/journal/micro/10.1099/00221287-33-2-191"
"1346"|"J. Gen. Microbiol., 1992, 138, 7, 1421"|"10.1099/00221287-138-7-1421"|"https://pubmed.ncbi.nlm.nih.gov/1512574/"
"1701"|"J. Hazard. Mater., 2010, 176, 1, 3, 1079"|"10.1016/j.jhazmat.2009.10.120"|"https://www.sciencedirect.com/science/article/abs/pii/S0304389409017713"
"1517"|"J. Ind. Microbiol. Biotechnol., 2003, 30, 4, 220"|"10.1007/s10295-003-0048-y"|"https://academic.oup.com/jimb/article/30/4/220/5992185"
"1512"|"J. Infect. Chemother., 2015, 21, 5, 385"|"10.1016/j.jiac.2015.01.005"|"https://www.sciencedirect.com/science/article/abs/pii/S1341321X15000203"
"1583"|"J. Microbiol. Biotechnol., 2016, 26, 10, 1687"|"10.4014/jmb.1606.06016"|"http://www.jmb.or.kr/journal/view.html?doi=10.4014/jmb.1606.06016"
"1576"|"J. Microbiol. Biotechnol., 2016, 26, 9, 1557"|"10.4014/jmb.1603.03073"|"http://www.jmb.or.kr/journal/view.html?doi=10.4014/jmb.1603.03073"
"1463"|"J. Microbiol. Methods, 2016, 128, 34"|"10.1016/j.mimet.2016.07.004"|"https://www.sciencedirect.com/science/article/abs/pii/S0167701216301762"
"1580"|"J. Mycol. Med., 2016, 26, 1, 9"|"10.1016/j.mycmed.2015.12.004"|"https://www.sciencedirect.com/science/article/abs/pii/S1156523315002395"
"1667"|"J. Nat. Prod. 1998, 61, 12, 1566-1567"|"10.1021/np9801918"|"https://doi.org/10.1021/np9801918"
"1666"|"J. Nat. Prod. 1998, 61, 702-705"|"10.1021/np980001t"|"https://doi.org/10.1021/np980001t"
"1644"|"J. Nat. Prod. 2001, 64, 6, 836"|"10.1021/np000613p"|"https://pubs.acs.org/doi/10.1021/np000613p"
"1459"|"J. Nat. Prod. 2004, 67, 12, 1985"|"10.1021/np040139d"|"https://pubs.acs.org/doi/10.1021/np040139d"
"1509"|"J. Nat. Prod. 2004, 67, 12, 2111"|"10.1021/np049843k"|"https://pubs.acs.org/doi/10.1021/np049843k"
"1396"|"J. Nat. Prod. 2004, 67, 5, 878"|"10.1021/np0303714"|"https://pubs.acs.org/doi/10.1021/np0303714#"
"1484"|"J. Nat. Prod. 2005, 68, 8, 1300"|"10.1021/np050141k"|"https://pubs.acs.org/doi/10.1021/np050141k"
"1590"|"J. Nat. Prod. 2007, 70, 10, 1558"|"10.1021/np070208z"|"https://pubs.acs.org/doi/10.1021/np070208z#"
"1623"|"J. Nat. Prod. 2007, 70, 12, 2022"|"10.1021/np070301n"|"https://pubs.acs.org/doi/10.1021/np070301n"
"1529"|"J. Nat. Prod. 2007, 70, 7, 1180"|"10.1021/np070175n"|"https://pubs.acs.org/doi/10.1021/np070175n"
"1594"|"J. Nat. Prod. 2009, 72, 4, 666"|"10.1021/np800777f"|"https://pubs.acs.org/doi/10.1021/np800777f"
"1418"|"J. Nat. Prod. 2010, 73, 6, 1133"|"10.1021/np100198h"|"https://pubs.acs.org/doi/10.1021/np100198h"
"1573"|"J. Nat. Prod. 2011, 74, 5, 1106"|"10.1021/np2000478"|"https://pubs.acs.org/doi/10.1021/np2000478"
"1637"|"J. Nat. Prod. 2013, 76, 1007"|"10.1021/np4004307"|"https://www.ncbi.nlm.nih.gov/pmc/articles/PMC3856222/"
"1664"|"J. Nat. Prod. 2013,76, 9, 1737-1745"|"10.1021/np400460m"|"https://doi.org/10.1021/np400460m"
"1417"|"J. Nat. Prod. 2014, 77, 10, 2218"|"10.1021/np500469b"|"https://pubs.acs.org/doi/10.1021/np500469b"
"1506"|"J. Nat. Prod. 2014, 77, 2, 193"|"10.1021/np400955q"|"https://pubs.acs.org/doi/10.1021/np400955q"
"1596"|"J. Nat. Prod. 2014, 77, 5, 123"|"10.1021/np401017g"|"https://pubs.acs.org/doi/10.1021/np401017g"
"1471"|"J. Nat. Prod. 2015, 78, 11, 2572"|"10.1021/acs.jnatprod.5b00508"|"https://pubs.acs.org/doi/10.1021/acs.jnatprod.5b00508"
"1595"|"J. Nat. Prod. 2015, 78, 12, 3067"|"10.1021/acs.jnatprod.5b00600"|"https://pubs.acs.org/doi/10.1021/acs.jnatprod.5b00600"
"1402"|"J. Nat. Prod. 2016, 79, 1, 59"|"10.1021/acs.jnatprod.5b00650"|"https://pubs.acs.org/doi/10.1021/acs.jnatprod.5b00650"
"1682"|"J. Nat. Prod. 2016, 79, 11, 2977-2981"|"10.1021/acs.jnatprod.6b00766"|"https://doi.org/10.1021/acs.jnatprod.6b00766"
"1444"|"J. Nat. Prod. 2016, 79, 4, 914"|"10.1021/acs.jnatprod.5b00975"|"https://pubs.acs.org/doi/10.1021/acs.jnatprod.5b00975"
"1598"|"J. Nat. Prod. 2016, 79, 5, 1347"|"10.1021/acs.jnatprod.5b01153"|"https://pubs.acs.org/doi/10.1021/acs.jnatprod.5b01153"
"1403"|"J. Nat. Prod. 2018, 81, 1, 2"|"10.1021/acs.jnatprod.7b00335"|"https://pubs.acs.org/doi/10.1021/acs.jnatprod.7b00335"
"1530"|"J. Nat. Prod.. 2004, 67, 9, 1532"|"10.1021/np030551d"|"https://pubs.acs.org/doi/10.1021/np030551d"
"1693"|"J. Nat. Prod.2000, 63, 7, 1006"|"10.1021/np000103v"|"https://doi.org/10.1021/np000103v"
"1526"|"J. Org. Chem., 1997, 62, 21, 7078"|"10.1021/jo970568z"|"https://pubs.acs.org/doi/10.1021/jo970568z"
"1544"|"J. Org. Chem., 1999, 64, 15, 5479"|"10.1021/jo990277l"|"https://pubs.acs.org/doi/10.1021/jo990277l"
"1539"|"J. Org. Chem., 2008, 73, 11, 4245"|"10.1021/jo800348d"|"https://pubs.acs.org/doi/10.1021/jo800348d"
"116"|"J.Chem.Soc,Chem.Commun,(1980),183"|"UNSPECIFIED"|"UNSPECIFIED"
"851"|"J.He et al.,J.Nat.Prod.,67,(2004),1985-1991"|"UNSPECIFIED"|"UNSPECIFIED"
"1215"|"J.M.Finefield et al.,J.Org.Chem.,76,(2011),5954-5958"|"UNSPECIFIED"|"UNSPECIFIED"
"1222"|"Jiao,J.Nat.Prod.,67,(2004),1434"|"UNSPECIFIED"|"UNSPECIFIED"
"1267"|"Johns, A. et al., mBio, 8, (2017), e01504-16."|"UNSPECIFIED"|"UNSPECIFIED"
"1674"|"Journal of Biotechnology,2014,175,53-62"|"10.1016/j.jbiotec.2014.01.038"|"https://doi.org/10.1016/j.jbiotec.2014.01.038"
"1388"|"Journal of the Chemical Society, Perkin Transactions 1. Fungal metabolites. Part 7. Structures of C25 compounds from Aspergillus variecolor"|"UNSPECIFIED"|"https://pubs.rsc.org/en/content/articlelanding/1979/p1/p19790002113#!divAbstract"
"976"|"K.D.Clevenger et al.,Nat.Chem.Biol.,13,(2017),895-901"|"UNSPECIFIED"|"UNSPECIFIED"
"176"|"K.Tagami,J.Am.Chem.Soc.,135,(2013),1260-1263"|"UNSPECIFIED"|"UNSPECIFIED"
"1179"|"Kagamizono,Tetrahedron Lett.,38,(1997),1223"|"UNSPECIFIED"|"UNSPECIFIED"
"1161"|"Kakeya,Tetrahedron,53,(1997),59"|"UNSPECIFIED"|"UNSPECIFIED"
"945"|"Kamigauchi,J.Antibiotics 51,(1998),445"|"UNSPECIFIED"|"UNSPECIFIED"
"970"|"Karwowski,J.Antibiotics 46,(1993),374"|"UNSPECIFIED"|"UNSPECIFIED"
"353"|"Khadem S. et al., Molecules, 15, (2010), 7985-8005."|"UNSPECIFIED"|"UNSPECIFIED"
"1210"|"Kim,Chem.Pharm.Bull.,52,(2004),447"|"UNSPECIFIED"|"UNSPECIFIED"
"1106"|"Kimura,Agric.Biol.Chem.,46,(1982),1963-1965"|"UNSPECIFIED"|"UNSPECIFIED"
"907"|"Kimura,Agric.Biol.Chem.,53,(1989),1699"|"UNSPECIFIED"|"UNSPECIFIED"
"869"|"Kimura,Tetrahedron Lett.,23,(1982),225"|"UNSPECIFIED"|"UNSPECIFIED"
"1213"|"Kito,J.Nat.Prod.,70,(2007),2022"|"UNSPECIFIED"|"UNSPECIFIED"
"1217"|"Klausmeyer,J.Nat.Prod.,68,(2005),1300"|"UNSPECIFIED"|"UNSPECIFIED"
"1107"|"Kobayashi,Agric.Biol.Chem.,46,(1982),585-589"|"UNSPECIFIED"|"UNSPECIFIED"
"967"|"Kodukula,J.Antibiotics 48,(1995),1055"|"UNSPECIFIED"|"UNSPECIFIED"
"931"|"Kohno,J.Antibiotics 52,(1999),575"|"UNSPECIFIED"|"UNSPECIFIED"
"932"|"Kohno,J.Antibiotics 52,(1999),913"|"UNSPECIFIED"|"UNSPECIFIED"
"930"|"Koizumi,J.Antibiotics 55,(2002),78"|"UNSPECIFIED"|"UNSPECIFIED"
"868"|"Konda,Chem.Pharm.Bull.,28,(1980),2897"|"UNSPECIFIED"|"UNSPECIFIED"
"947"|"Kondoh,J.Antibiotics 51,(1998),801"|"UNSPECIFIED"|"UNSPECIFIED"
"992"|"Konig,J. Antibiotics,33,(1980),1270"|"UNSPECIFIED"|"UNSPECIFIED"
"1173"|"Konoh,Med.Chem.Lett.,7,(1997),2847"|"UNSPECIFIED"|"UNSPECIFIED"
"1315"|"Kruger, G.J. et al., Chem. Comm., 1979, 441-442 (isol, spectra, cryst struct)"|"UNSPECIFIED"|"UNSPECIFIED"
"35"|"Kurobane,J. Antibiotics,32,(1979),1256"|"UNSPECIFIED"|"UNSPECIFIED"
"990"|"Kurobane,J. Antibiotics,32,(1979),559"|"UNSPECIFIED"|"UNSPECIFIED"
"1060"|"Laakso,J.Agric.Food Chem.,41,(1993),973-975"|"UNSPECIFIED"|"UNSPECIFIED"
"1073"|"Laakso,J.Org.Chem.,57,(1992),138-141"|"UNSPECIFIED"|"UNSPECIFIED"
"1059"|"Laakso,J.Org.Chem.,57,(1992),2066-2071"|"UNSPECIFIED"|"UNSPECIFIED"
"414"|"Lenton,Phytochem.,13,(1973),2249-2253"|"UNSPECIFIED"|"UNSPECIFIED"
"1510"|"Lett. Appl. Microbiol., 2011, 52, 3, 208"|"10.1111/j.1472-765X.2010.02983.x"|"https://sfamjournals.onlinelibrary.wiley.com/doi/full/10.1111/j.1472-765X.2010.02983.x"
"1699"|"Lett. Appl. Microbiol., 2011, 53, 3, 350"|"10.1111/j.1472-765X.2011.03116.x"|"https://sfamjournals.onlinelibrary.wiley.com/doi/full/10.1111/j.1472-765X.2011.03116.x"
"1547"|"Lett. Appl. Microbiol., 2016, 62, 6, 488"|"10.1111/lam.12578"|"https://sfamjournals.onlinelibrary.wiley.com/doi/full/10.1111/lam.12578"
"1188"|"Li,Chem.Pharm.Bull.,51,(2003),1458"|"UNSPECIFIED"|"UNSPECIFIED"
"886"|"Li,Chem.Pharm.Bull.,52,(2004),375"|"UNSPECIFIED"|"UNSPECIFIED"
"1218"|"Li,J.Nat.Prod.,68,(2005),1243"|"UNSPECIFIED"|"UNSPECIFIED"
"1224"|"Lin,J.Nat.Prod.,66,(2003),57"|"UNSPECIFIED"|"UNSPECIFIED"
"125"|"Lind, A. L. et al., mSphere, 3, (2018), e00050-18"|"UNSPECIFIED"|"UNSPECIFIED"
"1243"|"Liu,J.Nat.Prod.,72,(2009),1585"|"UNSPECIFIED"|"UNSPECIFIED"
"1377"|"Lloydia, 1976, 39, 2-3, 158"|"UNSPECIFIED"|"https://pubmed.ncbi.nlm.nih.gov/948241/"
"362"|"Logan,W.R.et al.,Chem.Ind.(London),(1957),1485"|"UNSPECIFIED"|"UNSPECIFIED"
"239"|"Lopez-Gresa,J.Nat.Prod.,72,(2009),1348"|"UNSPECIFIED"|"UNSPECIFIED"
"1316"|"Lund, N.A. et al., JCS, 1953, 2434-2439 (isol)"|"UNSPECIFIED"|"UNSPECIFIED"
"1152"|"M.Kusano et al.,Biosci.Biotechnol.Biochem.,64,(2000),2559-2568"|"UNSPECIFIED"|"UNSPECIFIED"
"1635"|"Magn. Reson. Chem. 2015, 53, 8, 616"|"10.1002/mrc.4254"|"https://onlinelibrary.wiley.com/doi/abs/10.1002/mrc.4254"
"1430"|"Magn. Reson. Chem., 2005, 43, 11, 962"|"10.1002/mrc.1654"|"https://onlinelibrary.wiley.com/doi/abs/10.1002/mrc.1654"
"1223"|"Manniche,J.Nat.Prod.,67,(2004),2111"|"UNSPECIFIED"|"UNSPECIFIED"
"1676"|"Mar. Drugs 2012, 10, 131-139"|"10.3390/md10010131"|"https://doi.org/10.3390/md10010131"
"1476"|"Mar. Drugs 2013, 11, 6, 2054"|"10.3390/md11062054"|"https://www.mdpi.com/1660-3397/11/6/2054/htm"
"1387"|"Mar. Drugs 2014, 12, 10, 5160"|"10.3390/md12105160"|"https://pubmed.ncbi.nlm.nih.gov/25317534/"
"1565"|"Mar. Drugs 2014, 12, 6, 3116"|"10.3390/md12063116"|"https://www.mdpi.com/1660-3397/12/6/3116"
"1478"|"Mar. Drugs 2015, 13, 1, 237"|"10.3390/md13010237"|"https://www.mdpi.com/1660-3397/13/1/237"
"1470"|"Mar. Drugs 2015, 13, 1, 7040"|"10.3390/md13117040"|"https://www.mdpi.com/1660-3397/13/11/7040"
"1386"|"Mar. Drugs 2015, 13, 3, 1432"|"10.3390/md13031432."|"https://pubmed.ncbi.nlm.nih.gov/25789601/"
"1571"|"Mar. Drugs 2016, 14, 3, 59"|"10.3390/md14030059"|"https://www.mdpi.com/1660-3397/14/3/59"
"1641"|"Mar. Drugs 2018, 16, 6, 150"|"10.3390/md16050150"|"https://www.mdpi.com/1660-3397/16/5/150/htm"
"1657"|"Mar. Drugs 2018, 16,4, 119"|"10.3390/md16040119"|"https://doi.org/10.3390/md16040119"
"1410"|"Mar. Drugs 2019, 17, 1, 6"|"10.3390/md17010006"|"https://www.mdpi.com/1660-3397/17/1/6"
"1411"|"Mar. Drugs 2019, 17, 5, 262"|"10.3390/md17050262"|"https://www.mdpi.com/1660-3397/17/5/262"
"847"|"Marchelli,Can.J.Biochem.,51,(1973),1624"|"UNSPECIFIED"|"UNSPECIFIED"
"989"|"Marchelli,J. Antibiotics,28,(1975),328"|"UNSPECIFIED"|"UNSPECIFIED"
"1480"|"Meat Sci., 2016, 122, 76"|"10.1016/j.meatsci.2016.07.024"|"https://www.sciencedirect.com/science/article/abs/pii/S0309174016302431"
"1385"|"Med. Mycol., 2007, 45, 3, 225"|"10.1080/13693780601185939"|"https://pubmed.ncbi.nlm.nih.gov/17464844/"
"1578"|"Med. Mycol., 2016, 54, 5, 459"|"10.1093/mmy/myv118"|"https://academic.oup.com/mmy/article/54/5/459/2579167"
"1246"|"Medentsev,Phytochem.,47,(1998),935"|"UNSPECIFIED"|"UNSPECIFIED"
"1194"|"Medical Mycology, 2009, Vol. 47, No. 5 : Pages 468-476"|"UNSPECIFIED"|"UNSPECIFIED"
"1700"|"Mem. Inst. Oswaldo Cruz, 2016, 11, 3, 209"|"10.1590/0074-02760150451"|"http://www.scielo.br/scielo.php?script=sci_arttext&pid=S0074-02762016000300209&lng=en&tlng=en"
"1483"|"Metabolites, 2012, 2, 1, 39"|"10.3390/metabo2010039"|"https://www.mdpi.com/2218-1989/2/1/39/htm"
"1521"|"Microb. Cell Fact., 2016, 15, 1, 130"|"10.1186/s12934-016-0527-2"|"https://microbialcellfactories.biomedcentral.com/articles/10.1186/s12934-016-0527-2"
"911"|"Miyake,Biosci.Biotechnol.Biochem.,67,(2003),1443"|"UNSPECIFIED"|"UNSPECIFIED"
"1393"|"Molecules 2017, 22, 12, 2026"|"10.3390/molecules22122026"|"https://www.mdpi.com/1420-3049/22/12/2026"
"1420"|"Molecules 2017, 22, 12, 2069"|"10.3390/molecules22122069"|"https://www.mdpi.com/1420-3049/22/12/2069/htm"
"1663"|"Molecules 2019, 24, 22, 4118"|"10.3390/molecules24224118"|"https://doi.org/10.3390/molecules24224118"
"1391"|"Molecules 2020, 25, 1, 61"|"10.3390/molecules25010061"|"https://www.mdpi.com/1420-3049/25/1/61"
"1"|"Moore,Appl.Microbiol.,23,(1972),1067"|"UNSPECIFIED"|"UNSPECIFIED"
"979"|"Mukhopadhyay,J.Antibiotics 45,(1992),618"|"UNSPECIFIED"|"UNSPECIFIED"
"987"|"Mukhopadhyay,J.Antibiotics,40,(1987),1050"|"UNSPECIFIED"|"UNSPECIFIED"
"1461"|"Mycobiology, 2015, 43, 1, 87"|"10.5941/MYCO.2015.43.1.87"|"https://www.tandfonline.com/doi/abs/10.5941/MYCO.2015.43.1.87"
"1451"|"Mycol. Res., 2009, 113, 4, 480"|"10.1016/j.mycres.2008.12.002"|"https://www.sciencedirect.com/science/article/abs/pii/S0953756209000033"
"1712"|"Mycologia, 107, 1,169-208"|"10.3852/14-059"|"https://doi.org/10.3852/14-059"
"1504"|"Mycologia, 2006, 98, 2, 295"|"10.1080/15572536.2006.11832702"|"https://www.tandfonline.com/doi/abs/10.1080/15572536.2006.11832702?journalCode=umyc20"
"1537"|"Mycologia, 2009, 101, 3, 352"|"10.3852/08-173"|"https://www.tandfonline.com/doi/abs/10.3852/08-173?journalCode=umyc20"
"1454"|"Mycopathologia, 1987, 98, 1, 21"|"10.1007/BF00431013"|"https://link.springer.com/article/10.1007/BF00431013"
"1497"|"Mycopathologia, 1997, 139, 1, 51"|"10.1023/A:1006813528046"|"https://link.springer.com/article/10.1023%2FA%3A1006813528046"
"1511"|"Mycopathologia, 2007, 164, 5, 241"|"10.1007/s11046-007-9057-0"|"https://link.springer.com/article/10.1007%2Fs11046-007-9057-0"
"1552"|"Mycopathologia, 2009, 168, 4, 185"|"10.1007/s11046-009-9215-7"|"https://link.springer.com/article/10.1007%2Fs11046-009-9215-7"
"1711"|"Mycoscience, 56, 2, 123-131"|"10.1016/j.myc.2014.04.006"|"https://doi.org/10.1016/j.myc.2014.04.006"
"1462"|"Mycotoxin Res., 2013, 29, 3, 141"|"10.1007/s12550-013-0160-4"|"https://link.springer.com/article/10.1007%2Fs12550-013-0160-4"
"1431"|"Mycotoxin Res., 2014, 30, 2, 113"|"10.1007/s12550-014-0195-1"|"https://link.springer.com/article/10.1007/s12550-014-0195-1"
"1259"|"N. Ishikawa et al., Angew.Chem. Int. Ed., 53,(2014), 12880-12884"|"UNSPECIFIED"|"UNSPECIFIED"
"286"|"N.Gerhards et al.,Toxins,6,(2014),3281-3295"|"UNSPECIFIED"|"UNSPECIFIED"
"1151"|"N.Ishikawa et al.,Angew.Chem.Int.Ed.,53,(2014),12880-12884"|"UNSPECIFIED"|"UNSPECIFIED"
"875"|"Nagasawa,Agr.Biol.Chem.,39,(1975),1901"|"UNSPECIFIED"|"UNSPECIFIED"
"1039"|"Nakagawa,Agric. Biol. Chem.,48,(1984),117"|"UNSPECIFIED"|"UNSPECIFIED"
"1038"|"Nakagawa,Agric. Biol. Chem.,48,(1984),2279"|"UNSPECIFIED"|"UNSPECIFIED"
"994"|"Nakagawa,J. Antibiotics,35,(1982),778"|"UNSPECIFIED"|"UNSPECIFIED"
"974"|"Nakanishi,J.Antibiotics 46,(1993),1775"|"UNSPECIFIED"|"UNSPECIFIED"
"914"|"Namikoshi,J.Antibiotics 56,(2003),755"|"UNSPECIFIED"|"UNSPECIFIED"
"1665"|"Nat Prod Commun,2015,10,12),2123-6."|"10.1177/1934578X1501001227"|"https://doi.org/10.1177/1934578X1501001227"
"1257"|"Nat. Chem. Biol. 2016, 12, 419"|"10.1038/nchembio.2061"|"https://www.nature.com/articles/nchembio.2061"
"1407"|"Nat. Chem., 2020, 12, 615"|"10.1038/s41557-020-0442-3"|"https://www.nature.com/articles/s41557-020-0442-3"
"1348"|"Nat. Prod. Bioprospect., 2019 9, 5, 311"|"10.1007/s13659-019-00220-5"|"https://www.ncbi.nlm.nih.gov/pmc/articles/PMC6814666/"
"409"|"Nat. Prod. Rep. 2020, 37, 6"|"10.1039/C8NP00027A"|"https://pubs.rsc.org/am/content/articlehtml/2020/np/c8np00027a"
"1416"|"Nat. Prod. Res., 2014, 28, 11, 776"|"10.1080/14786419.2014.880911"|"https://www.tandfonline.com/doi/abs/10.1080/14786419.2014.880911?tab=permissions&scroll=top"
"1586"|"Nat. Prod. Res., 2014, 28, 15, 1182"|"10.1080/14786419.2014.923996"|"https://www.tandfonline.com/doi/abs/10.1080/14786419.2014.923996?journalCode=gnpl20"
"1450"|"Nat. Prod. Res., 2016, 30, 4, 478"|"10.1080/14786419.2015.1022777"|"https://www.tandfonline.com/doi/abs/10.1080/14786419.2015.1022777?journalCode=gnpl20"
"1677"|"Natural Product Communications,2018,13,12,1629-1631"|"10.1177/1934578X1801301214"|"https://doi.org/10.1177/1934578X1801301214"
"1668"|"Natural Product Communications,2019,14,1,125-128"|"10.1177/1934578X1901400133"|"https://doi.org/10.1177/1934578X1901400133"
"1045"|"Natural Products Vol.1 ISBN978-3-642-22143-9"|"UNSPECIFIED"|"UNSPECIFIED"
"152"|"Nature 1985, 318, 191"|"10.1038/318191a0"|"https://www.nature.com/articles/318191a0"
"1516"|"Nature, 1949, 164, 4179, 961"|"10.1038/164961b0"|"https://www.nature.com/articles/164961b0"
"370"|"Nes,Analysis of Sterols and Other Biologically Significant Steroids"|"UNSPECIFIED"|"UNSPECIFIED"
"374"|"Nes,Analysis of Sterols and Other Biologically Significant Steroids,1989,341"|"UNSPECIFIED"|"UNSPECIFIED"
"1123"|"Nes,Evidence for Similarities and Differences in the Biosynthesis of Fungal Sterols"|"UNSPECIFIED"|"UNSPECIFIED"
"1317"|"Nesbitt, B.E. et al., Nature (London), 1962, 195, 1062 (isol)"|"UNSPECIFIED"|"UNSPECIFIED"
"1659"|"Neurochem. Int,2017, 113,8-22"|"10.1016/j.neuint.2017.11.010"|"https://doi.org/10.1016/j.neuint.2017.11.010"
"965"|"Nguyen,J.Nat.Prod.,70,(2007)1188"|"UNSPECIFIED"|"UNSPECIFIED"
"937"|"Nishihara,J.Antibiotics 54,(2001),136"|"UNSPECIFIED"|"UNSPECIFIED"
"1214"|"Niu,J.Nat.Prod.,71,(2008),689"|"UNSPECIFIED"|"UNSPECIFIED"
"958"|"Nonaka,J.Antibiotics 50,(1997),646"|"UNSPECIFIED"|"UNSPECIFIED"
"1040"|"Nozoe,Tetrahedron Lett.,17,(1976),4625"|"UNSPECIFIED"|"UNSPECIFIED"
"908"|"Nukina,Agric.Biol.Chem.,45,(1981),789"|"UNSPECIFIED"|"UNSPECIFIED"
"952"|"Ogawa,J.Antibiotics 49,(1996),1"|"UNSPECIFIED"|"UNSPECIFIED"
"1247"|"Oh,J.Nat.Prod.,61,(1998),702"|"UNSPECIFIED"|"UNSPECIFIED"
"951"|"Ohashi,J.Antibiotics 45,(1992),1684"|"UNSPECIFIED"|"UNSPECIFIED"
"415"|"Ohnishi,Agric.Biol.Chem.,44,(1980),681-683"|"UNSPECIFIED"|"UNSPECIFIED"
"996"|"Omolo,J.Nat.Prod.,63,(2000),975"|"UNSPECIFIED"|"UNSPECIFIED"
"973"|"Omura,J.Antibiotics 46,(1993),1168"|"UNSPECIFIED"|"UNSPECIFIED"
"1475"|"Oncogene, 2015, 34, 1608"|"10.1038/onc.2014.462"|"https://www.nature.com/articles/onc201496"
"1458"|"Org. Biomol. Chem., 2003, 1, 11, 1856"|"10.1039/b302306k"|"https://pubs.rsc.org/en/content/articlelanding/2003/OB/B302306K#!divAbstract"
"1584"|"Org. Biomol. Chem., 2005, 3, 1, 123"|"10.1039/b413440k"|"https://pubs.rsc.org/en/content/articlelanding/2005/OB/B413440K#!divAbstract"
"1533"|"Org. Biomol. Chem., 2009, 7, 3, 435"|"10.1039/b819208a"|"https://pubs.rsc.org/en/content/articlelanding/2009/OB/B819208A#!divAbstract"
"1409"|"Org. Lett. 2009, 11, 16, 3714"|"10.1021/ol901304y"|"https://pubs.acs.org/doi/10.1021/ol901304y"
"1412"|"Org. Lett. 2012, 14, 18, 4770"|"10.1021/ol302051x"|"https://pubs.acs.org/doi/10.1021/ol302051x"
"1492"|"Org. Lett., 2007, 9, 13, 2449"|"10.1021/ol0703231"|"https://pubs.acs.org/doi/10.1021/ol0703231"
"1508"|"Org. Lett., 2010, 12, 20, 4458"|"10.1021/ol101396n"|"https://pubs.acs.org/doi/10.1021/ol101396n"
"1487"|"Org. Lett., 2014, 16, 9, 2574"|"10.1021/ol500243k"|"https://pubs.acs.org/doi/10.1021/ol500243k"
"1437"|"Org. Lett., 2015, 17, 3, 700"|"10.1021/ol5037198"|"https://pubs.acs.org/doi/10.1021/ol5037198"
"1443"|"Org. Lett., 2016, 18, 6, 1366"|"10.1021/acs.orglett.6b00299"|"https://pubs.acs.org/doi/10.1021/acs.orglett.6b00299"
"1221"|"Ovenden,J.Nat.Prod.,67,(2004),2093"|"UNSPECIFIED"|"UNSPECIFIED"
"1254"|"P.Chang et al.,Fungal Genet.Biol.,46,(2009),176-182"|"UNSPECIFIED"|"UNSPECIFIED"
"1250"|"Pan,S.C.Methods Carbohydr.Chem.,1,(1962),341"|"UNSPECIFIED"|"UNSPECIFIED"
"1007"|"Parvatkar,Phytochem.,70,(2009),128"|"UNSPECIFIED"|"UNSPECIFIED"
"1689"|"Patent Number: 5,130,326,1992, US,Laakso J.A., TePaske M.R., Dowd P.F., Gloer J.B., Wicklow D.T."|"US005130326A"|"UNSPECIFIED"
"1660"|"Patent Number: 5,519,052,1996, US,Alfatafta A.A., Dowd .PF., Gloer J.B., Wicklow D.T."|"US005519052A"|"https://doi.org/10.1007/s00216-009-3081-5"
"1212"|"Peres,Phytochem.,55,(2000),683"|"UNSPECIFIED"|"UNSPECIFIED"
"1445"|"Pest. Manag. Sci., 2009, 65, 1, 34"|"10.1002/ps.1640"|"https://pubmed.ncbi.nlm.nih.gov/18785221/"
"1566"|"Pest. Manag. Sci., 2009, 65, 1, 60"|"10.1002/ps.1645"|"https://onlinelibrary.wiley.com/doi/abs/10.1002/ps.1645"
"982"|"Pfeferle,J.Antibiotics,43,(1990),648"|"UNSPECIFIED"|"UNSPECIFIED"
"1415"|"Phytochem Lett., 2012, 5, 1, 114"|"10.1016/j.phytol.2011.11.005"|"https://www.sciencedirect.com/science/article/abs/pii/S1874390011001698"
"1648"|"Phytochem Rev.,2017, 16, 271?293"|"10.1007/s11101-016-9473-1"|"https://doi.org/10.1007/s11101-016-9473-1"
"1632"|"Phytochem. Lett., 20, 2017, 295"|"10.1016/j.phytol.2017.04.025"|"https://doi.org/10.1016/j.phytol.2017.04.025"
"1638"|"Phytochemistry 1996, 41, 665"|"10.1016/0031-9422(95)00693-1"|"https://www.sciencedirect.com/science/article/abs/pii/0031942295006931"
"1457"|"Phytochemistry, 2012, 80, 123"|"10.1016/j.phytochem.2012.05.008"|"https://www.sciencedirect.com/science/article/abs/pii/S0031942212002087"
"1692"|"Planta Med. 2016, 82, 5, 414-421"|"10.1055/s-0035-1558331"|"https://pubmed.ncbi.nlm.nih.gov/26824624/"
"1597"|"Planta Med., 2016, 82,091 10, 877"|"10.1055/s-0042-102965"|"https://www.thieme-connect.de/products/ejournals/abstract/10.1055/s-0042-102965"
"1553"|"PLoS One, 2013, 8, 6, e64871"|"10.1371/journal.pone.0064871"|"https://journals.plos.org/plosone/article?id=10.1371/journal.pone.0064871"
"1498"|"PLoS One, 2014, 9, 10, e109265"|"10.1371/journal.pone.0109265"|"https://journals.plos.org/plosone/article?id=10.1371/journal.pone.0109265"
"1670"|"Proc Natl Acad Sci U S A,1980 ,77,7,3957-61"|"10.1073/pnas.77.7.3957"|"https://doi.org/10.1073/pnas.77.7.3957"
"1350"|"Proceedings of the Indian Academy of Sciences - Section B, 1978, 87, 177"|"10.1007/BF03178979"|"https://link.springer.com/article/10.1007/BF03178979"
"1167"|"Qian-Cutrone,J.Am.Chem.Soc.,124,(2002),14556"|"UNSPECIFIED"|"UNSPECIFIED"
"1318"|"Rabie, C.J. et al., Chem. Comm., 1984, 764-765 (isol, struct)"|"UNSPECIFIED"|"UNSPECIFIED"
"1177"|"Rahbaek,J.Nat.Prod.,62,(1999),904"|"UNSPECIFIED"|"UNSPECIFIED"
"1176"|"Rahbaek,J.Org.Chem.,64,(1999),1689"|"UNSPECIFIED"|"UNSPECIFIED"
"203"|"Rahbaek,Phytochem.,53,(2000),581"|"UNSPECIFIED"|"UNSPECIFIED"
"1189"|"Rao,Chem.Pharm.Bull.,48,(2000),559"|"UNSPECIFIED"|"UNSPECIFIED"
"912"|"Rao,J.Antibiotics 56,(2003),173"|"UNSPECIFIED"|"UNSPECIFIED"
"110"|"Raper,K.B.J.Elisha Mitchell Sci.Soc.,69,(1953),1-29"|"UNSPECIFIED"|"UNSPECIFIED"
"277"|"Rezanka,Phytochem.,69,(2008),585"|"UNSPECIFIED"|"UNSPECIFIED"
"1249"|"Rhabaek,J.Nat.Prod.,60,(1997),811"|"UNSPECIFIED"|"UNSPECIFIED"
"981"|"Riche,Tetrahedron Lett.,(1974),2765"|"UNSPECIFIED"|"UNSPECIFIED"
"1211"|"Rischer,Phytochem.,59,(2002),603"|"UNSPECIFIED"|"UNSPECIFIED"
"1319"|"Rosett, T. et al., Biochem. J., 1957, 67, 390 (isol)"|"UNSPECIFIED"|"UNSPECIFIED"
"986"|"Roy,J.Antibiotics,40,(1987),275"|"UNSPECIFIED"|"UNSPECIFIED"
"877"|"S.Li et al.,Medchemcomm,3,(2012),987-996"|"UNSPECIFIED"|"UNSPECIFIED"
"878"|"S.Li,Phytochemistry,70,(2009),1746-1757"|"UNSPECIFIED"|"UNSPECIFIED"
"1320"|"Saito, M. et al., Microb. Toxins, 1971, 6, 299 (rev)"|"UNSPECIFIED"|"UNSPECIFIED"
"916"|"Sakurai,J.Antibiotics 55,(2002),685"|"UNSPECIFIED"|"UNSPECIFIED"
"1174"|"Sato,Jpn.Kokai Tokkyo Koho (1997),JP08256784"|"UNSPECIFIED"|"UNSPECIFIED"
"1216"|"Schlingmann,J.Nat.Prod.,70,(2007),1180"|"UNSPECIFIED"|"UNSPECIFIED"
"895"|"Schroeder,Applied Microbiol.,(1975),857"|"UNSPECIFIED"|"UNSPECIFIED"
"984"|"Schwartz,J.Antibiotics,41,(1988),1774"|"UNSPECIFIED"|"UNSPECIFIED"
"1585"|"Sci. Rep., 2016, 6, 27181"|"10.1038/srep27181"|"https://www.nature.com/articles/srep27181"
"1499"|"Sci. Total Environ., 2016, 562, 296"|"10.1016/j.scitotenv.2016.03.183"|"https://www.sciencedirect.com/science/article/abs/pii/S0048969716306064"
"975"|"Sedlock,J.Antibiotics 47,(1994),391"|"UNSPECIFIED"|"UNSPECIFIED"
"444"|"Seitz,J.Agric.Food Chem.,25,(1977),838-841"|"UNSPECIFIED"|"UNSPECIFIED"
"926"|"Sekhar,J.Antibiotics 55,(2002),789"|"UNSPECIFIED"|"UNSPECIFIED"
"1185"|"Shi, Y-S. et al., Molecules, 20, (2015), 10793-10799."|"UNSPECIFIED"|"UNSPECIFIED"
"927"|"Shiomi,J.Antibiotics 55,(2002),952"|"UNSPECIFIED"|"UNSPECIFIED"
"1235"|"Sings,J.Nat.Prod.,64,(2001),836"|"UNSPECIFIED"|"UNSPECIFIED"
"1248"|"Sobolev,J.Nat.Prod.,60,(1997),847"|"UNSPECIFIED"|"UNSPECIFIED"
"352"|"Son,J.Nat.Prod.,65,(2002),794"|"UNSPECIFIED"|"UNSPECIFIED"
"855"|"Spilsbury,J.F.et al.,JCS,(1961),2085-2089"|"UNSPECIFIED"|"UNSPECIFIED"
"1127"|"Springer,J.Organic Chemistry,44,(1979),4852-4854"|"UNSPECIFIED"|"UNSPECIFIED"
"902"|"Springer,Tet.Lett.,(1977),2403"|"UNSPECIFIED"|"UNSPECIFIED"
"1124"|"Steroids,53,(1989),533-558"|"UNSPECIFIED"|"UNSPECIFIED"
"1321"|"Steyn, P.S. et al., JCS Perkin 1, 1976, 204 (isol)"|"UNSPECIFIED"|"UNSPECIFIED"
"906"|"Steyn,J.Chem.Soc,Perkin Trans I,(1982),541"|"UNSPECIFIED"|"UNSPECIFIED"
"1089"|"Steyn,J.Chem.Soc.,Perkin Trans.,1,(1979),451"|"UNSPECIFIED"|"UNSPECIFIED"
"873"|"Steyn,Phytochem.,15,(1976),355"|"UNSPECIFIED"|"UNSPECIFIED"
"872"|"Steyn,Tetrahedron,29,(1973),107"|"UNSPECIFIED"|"UNSPECIFIED"
"863"|"Stipanovic,Lloydia,39,(1976),158"|"UNSPECIFIED"|"UNSPECIFIED"
"1427"|"Stud. Mycol., 2011, 69, 1, 1"|"10.3114/sim.2011.69.01"|"https://www.sciencedirect.com/science/article/pii/S0166061614600543"
"1436"|"Stud. Mycol., 2011, 69, 1, 19"|"10.3114/sim.2011.69.02"|"https://www.sciencedirect.com/science/article/pii/S0166061614600555"
"1432"|"Stud. Mycol., 2011, 69, 1, 39"|"10.3114/sim.2011.69.04"|"https://www.sciencedirect.com/science/article/pii/S0166061614600579"
"1441"|"Stud. Mycol., 2011, 69, 1, 57"|"10.3114/sim.2011.69.05"|"https://www.sciencedirect.com/science/article/pii/S0166061614600580"
"1452"|"Stud. Mycol., 2011, 69, 1, 81"|"10.3114/sim.2011.69.06"|"https://www.sciencedirect.com/science/article/pii/S0166061614600592"
"1464"|"Stud. Mycol., 2014, 78, 1, 61"|"10.1016/j.simyco.2014.07.001"|"https://www.sciencedirect.com/science/article/pii/S0166061614000025"
"1655"|"Sun et al. Cell Communication and Signaling,2019,17,111"|"10.1186/s12964-019-0425-4"|"https://doi.org/10.1186/s12964-019-0425-4"
"1137"|"Suzuki,Chem.Pharm.Bull.,19,(1971),1786-1788"|"UNSPECIFIED"|"UNSPECIFIED"
"1591"|"Syst. Appl. Microbio., 2004, 27, 6, 672"|"10.1078/0723202042369910"|"https://www.sciencedirect.com/science/article/abs/pii/S0723202005703076"
"1560"|"Syst. Appl. Microbiol., 2001, 24, 1, 131"|"10.1078/0723-2020-00007"|"https://www.sciencedirect.com/science/article/abs/pii/S0723202004700168"
"1447"|"Syst. Appl. Microbiol., 2005, 28, 5, 442"|"10.1016/j.syapm.2005.02.012"|"https://www.sciencedirect.com/science/article/abs/pii/S0723202005000421"
"161"|"T.Motoyama et al.,Chem.Biol.,19,(2012),1611-1619"|"UNSPECIFIED"|"UNSPECIFIED"
"164"|"T.Motoyama et al.,Chemistry &Biology,18,(2012),1611-1619"|"UNSPECIFIED"|"UNSPECIFIED"
"1000"|"Takahashi,J. Antibiotics Series A,14,(1961),107"|"UNSPECIFIED"|"UNSPECIFIED"
"1168"|"Takahashi,J.Chem.Soc.Perkin Trans.,1,(1995),2345"|"UNSPECIFIED"|"UNSPECIFIED"
"1003"|"Takatsuki,J .Antibiotics 21,(1968),671"|"UNSPECIFIED"|"UNSPECIFIED"
"1002"|"Takatsuki,J. Antibiotics 21,(1968),671"|"UNSPECIFIED"|"UNSPECIFIED"
"1323"|"Tamura, T. et al., Agric. Biol. Chem., 1966, 30, 107"|"UNSPECIFIED"|"UNSPECIFIED"
"295"|"Tamura,T.et al.,Agric.Biol.Chem.,30,(1966),107"|"UNSPECIFIED"|"UNSPECIFIED"
"905"|"Tanaka,J.Antibiotics 51,(1998),153"|"UNSPECIFIED"|"UNSPECIFIED"
"925"|"Tao,J.Antibiotics 55,(2002),693"|"UNSPECIFIED"|"UNSPECIFIED"
"145"|"Teng,J.Nat.Prod.,67,(2004),1014"|"UNSPECIFIED"|"UNSPECIFIED"
"1070"|"TePaske,J.Natural Products,55,(1992),1080-1086)"|"UNSPECIFIED"|"UNSPECIFIED"
"1071"|"TePaske,J.Org.Chem.,54,(1989),4743-4746"|"UNSPECIFIED"|"UNSPECIFIED"
"1072"|"Tepaske,Tet.Lett.,30,(1989),5965-5968"|"UNSPECIFIED"|"UNSPECIFIED"
"1639"|"Tetrahedron 2006, 62, 7484"|"10.1016/j.tet.2006.05.010"|"https://www.sciencedirect.com/science/article/abs/pii/S0040402006007563"
"1424"|"Tetrahedron Lett. 1991, 32, 46, 6715"|"10.1271/bbb.57.787"|"https://www.tandfonline.com/doi/abs/10.1271/bbb.57.787"
"1413"|"Tetrahedron Lett., 1969, 10, 9, 695"|"10.1016/S0040-4039(01)87785-6"|"https://www.sciencedirect.com/science/article/abs/pii/S0040403901877856"
"1634"|"Tetrahedron Lett., 1976, 17, 33, 2861"|"10.1016/S0040-4039(01)85521-0"|"https://www.sciencedirect.com/science/article/abs/pii/S0040403901855210"
"1395"|"Tetrahedron Lett., 1978, 19, 29, 2605"|"10.1016/S0040-4039(01)94840-3"|"https://www.sciencedirect.com/science/article/abs/pii/S0040403901948403"
"1380"|"Tetrahedron, 1969, 25, 7, 1497"|"10.1016/S0040-4020(01)82721-6"|"https://doi.org/10.1016/S0040-4020(01)82721-6"
"1656"|"Tetrahedron,2020,76,41,131496"|"10.1016/j.tet.2020.131496"|"https://doi.org/10.1016/j.tet.2020.131496"
"reference_id"|"title"|"doi"|"link"
"915"|"Tomikawa,J.Antibiotics 55,(2002),666"|"UNSPECIFIED"|"UNSPECIFIED"
"966"|"Tomoda,J.Antibiotics 48,(1995),495"|"UNSPECIFIED"|"UNSPECIFIED"
"954"|"Tomoda,J.Antibiotics 49,(1996),292"|"UNSPECIFIED"|"UNSPECIFIED"
"1164"|"Toske,Tetrahedron,54,(1998),13459"|"UNSPECIFIED"|"UNSPECIFIED"
"1094"|"Townsend,J.Org.Chem.,53,(1988),2472-2477"|"UNSPECIFIED"|"UNSPECIFIED"
"1455"|"Toxins (Basel), 2016, 8, 8, 242"|"10.3390/toxins8080242"|"https://www.mdpi.com/2072-6651/8/8/242/htm"
"1651"|"Toxins 2017, 9, 7, 210"|"10.3390/toxins9070210"|"https://www.mdpi.com/2072-6651/9/7/210"
"1486"|"Toxins, 2013, 5, 9, 1574"|"10.3390/toxins5091574"|"https://www.mdpi.com/2072-6651/5/9/1574"
"1265"|"Traynor, A. M. et al., Front. Microbiol., 10, (2019), 2859."|"UNSPECIFIED"|"UNSPECIFIED"
"1037"|"Tsuda,J. Chem. Soc. Chem. Commun.,(1978),160"|"UNSPECIFIED"|"UNSPECIFIED"
"1165"|"Tsuda,Tetrahedron,59,(2003),3227"|"UNSPECIFIED"|"UNSPECIFIED"
"876"|"Tsukamoto,J.Nat.Prod.,71,(2008),2064"|"UNSPECIFIED"|"UNSPECIFIED"
"972"|"Tsunakawa,J.Antibiotics 46,(1993),687"|"UNSPECIFIED"|"UNSPECIFIED"
"416"|"Turner,Fungal Metabolites II"|"UNSPECIFIED"|"UNSPECIFIED"
"1069"|"Turner,Fungal Metabolites II,(1983),298-300"|"UNSPECIFIED"|"UNSPECIFIED"
"1121"|"Turner,Fungal Metabolites II,(1983),316"|"UNSPECIFIED"|"UNSPECIFIED"
"1129"|"Turner,Fungal Metabolites II,(1983),324"|"UNSPECIFIED"|"UNSPECIFIED"
"1048"|"Turner,Fungal Metabolites II,(1983),434"|"UNSPECIFIED"|"UNSPECIFIED"
"896"|"Turner,Fungal Metabolites II,(1983),435"|"UNSPECIFIED"|"UNSPECIFIED"
"120"|"Turner,Fungal Metabolites II,(1983),631"|"UNSPECIFIED"|"UNSPECIFIED"
"1098"|"Udagawa,Can.J.Microbiol.,25,(1979),170"|"UNSPECIFIED"|"UNSPECIFIED"
"938"|"Ui,J.Antibiotics 54,(2001),234"|"UNSPECIFIED"|"UNSPECIFIED"
"995"|"Umehara,J. Antibiotics,37,(1984),469"|"UNSPECIFIED"|"UNSPECIFIED"
"1162"|"Usui,Biochem.J.,333,(1998),543"|"UNSPECIFIED"|"UNSPECIFIED"
"363"|"Van der Merwe,K.J.et al.,JCS,(1965),7083-7088"|"UNSPECIFIED"|"UNSPECIFIED"
"980"|"Vanmiddlesworth,J.Antibiotics 45,(1992),861"|"UNSPECIFIED"|"UNSPECIFIED"
"1237"|"Varoglu,J.Nat.Prod.,63,(2000),41"|"UNSPECIFIED"|"UNSPECIFIED"
"1156"|"Varoglu,J.Org.Chem.,62,(1997),7078"|"UNSPECIFIED"|"UNSPECIFIED"
"113"|"Vederas,J.Chem.Soc,Chem.Commun,(1980),183"|"UNSPECIFIED"|"UNSPECIFIED"
"936"|"Vertesy,J.Antibiotics 53,(2000),677"|"UNSPECIFIED"|"UNSPECIFIED"
"903"|"von Keller-Schierlein,Helvetica Chimica Acta,62,(1979),1501"|"UNSPECIFIED"|"UNSPECIFIED"
"1034"|"Wada,Agric. Biol. Chem.,47,(1983),1075"|"UNSPECIFIED"|"UNSPECIFIED"
"881"|"Wang,J.Nat.Prod.,70,(2007),1558"|"UNSPECIFIED"|"UNSPECIFIED"
"1242"|"Wang,J.Nat.Prod.,72,(2009),1761"|"UNSPECIFIED"|"UNSPECIFIED"
"939"|"Watanabe,J.Antibiotics 54,(2001),904"|"UNSPECIFIED"|"UNSPECIFIED"
"1112"|"Weete,Structure and Funct"|"UNSPECIFIED"|"UNSPECIFIED"
"1238"|"Whyte,J.Nat.Prod.,63,(2000),1006"|"UNSPECIFIED"|"UNSPECIFIED"
"1166"|"Wijeratne,J.Nat.Prod.,66,(2003),1567"|"UNSPECIFIED"|"UNSPECIFIED"
"134"|"Xie, F. et al., Chem. Biodiv., 12, (2015), 1313-1321."|"UNSPECIFIED"|"UNSPECIFIED"
"1255"|"Y.Seshime et al.,Bioorg.Med.Chem.Lett.,19,(2009),3288-3292"|"UNSPECIFIED"|"UNSPECIFIED"
"1263"|"Y.Zou et al.,J.Am.Chem.Soc.,137,(2015),4980-4983"|"UNSPECIFIED"|"UNSPECIFIED"
"1172"|"Yamamoto,Chem.Pharm.Bull.,29,(1981),961"|"UNSPECIFIED"|"UNSPECIFIED"
"897"|"Yamazaki,L.Chem.Soc.,Chem.Commun.,(1974),408"|"UNSPECIFIED"|"UNSPECIFIED"
"893"|"Yamazaki,Tetrahedron Lett.,(1975),1241"|"UNSPECIFIED"|"UNSPECIFIED"
"1056"|"Yamazmki,Bull.,26,(1978),111-117"|"UNSPECIFIED"|"UNSPECIFIED"
"946"|"Yoshimura,J.Antibiotics 51,(1998),665"|"UNSPECIFIED"|"UNSPECIFIED"
"1163"|"Yoshino,Biosci.Biotech.Biochem.,64,(2000),103"|"UNSPECIFIED"|"UNSPECIFIED"
"142"|"YUAN, et al., Chem Pharm Bull, 50, (2002), 73."|"UNSPECIFIED"|"UNSPECIFIED"
"112"|"Zhan,Phytochem.,68,(2007),368"|"UNSPECIFIED"|"UNSPECIFIED"
"857"|"Zhang,J.Nat.Prod.,71,(2008),985"|"UNSPECIFIED"|"UNSPECIFIED"
"904"|"Zhou,J.Nat.Prod.,67,(2004),328"|"UNSPECIFIED"|"UNSPECIFIED"